text,label,source
Analysis and Data,0,PremiumTimes_Real
"SHOCKING!!! CANDIDATE SELECTION OR CIVILIAN COUP?, BY DAKUKU PETERSIDE DON'T IGNORE THIS!",1,Synthetic_Fake_Augmented
Forgotten Password?,0,PremiumTimes_Real
Why I finally wrote my memoir after 60 years – Gowon,0,PremiumTimes_Real
CONFIRMED!!! MODERN SLAVERY: INSIDE NIGERIAN COMMUNITIES WHERE CHILDREN ARE SOLD INTO MARRIAGE (II) !!!,1,Synthetic_Fake_Augmented
Online Kaszinó Magyar,0,PremiumTimes_Real
CONFIRMED!!! ﻿UCTH CMD SAYS RELOCATION OF MEDICAL PROFESSIONALS GRADUALLY REDUCING READ AND SHARE!,1,Synthetic_Fake_Augmented
Features And Interviews,0,PremiumTimes_Real
Features and Interviews,0,PremiumTimes_Real
"The Premium Times, Nigeria",0,PremiumTimes_Real
URGENT SHARE NOW: Special Reports and Investigations FORWARD IMMEDIATELY!,1,Synthetic_Fake_Augmented
FINAL WARNING: SPECIAL REPORT: Nigeria’s maritime university upgrade stalls as billions flow into repealed academy !!!,1,Synthetic_Fake_Augmented
CONFIRMED!!! DATA & INFOGRAPHICS SHARE TO ALL GROUPS!,1,Synthetic_Fake_Augmented
APC Primaries: All 7 Zamfara incumbent Reps secure return tickets,0,PremiumTimes_Real
URGENT SHARE NOW: Special Reports and Investigations ???,1,Synthetic_Fake_Augmented
Geriausi kazino internetu,0,PremiumTimes_Real
URGENT SHARE NOW: FORGOTTEN PASSWORD? !!!,1,Synthetic_Fake_Augmented
Read moreDetails,0,PremiumTimes_Real
Geriausi kazino internetu,0,PremiumTimes_Real
FINAL WARNING: Read moreDetails READ AND SHARE!,1,Synthetic_Fake_Augmented
"YOU WON'T BELIEVE: HOW CLOSE ASSOCIATES BETRAYED, OVERTHREW ME — GOWON DON'T IGNORE THIS!",1,Synthetic_Fake_Augmented
Special Reports and Investigations,0,PremiumTimes_Real
BREAKING NEWS: Geriausi kazino internetu READ AND SHARE!,1,Synthetic_Fake_Augmented
CONFIRMED!!! Financial Inclusion DON'T IGNORE THIS!,1,Synthetic_Fake_Augmented
EFCC secures final forfeiture of jet linked to NNPC power project probe,0,PremiumTimes_Real
Read moreDetails,0,PremiumTimes_Real
SHOCKING!!! READ MOREDETAILS ???,1,Synthetic_Fake_Augmented
Read moreDetails,0,PremiumTimes_Real
URGENT SHARE NOW: Why I supported Lagos Speaker Obasa’s removal — Desmond Elliott READ AND SHARE!,1,Synthetic_Fake_Augmented
Primary Health Tracker,0,PremiumTimes_Real
CONFIRMED!!! Our Digital Network DON'T IGNORE THIS!,1,Synthetic_Fake_Augmented
"Eid and the epidemic of empty pockets, By Reuben Abati",0,PremiumTimes_Real
CONFIRMED!!! Another former minister boycotts Gombe APC governorship primary ???,1,Synthetic_Fake_Augmented
CONFIRMED!!! Read moreDetails DON'T IGNORE THIS!,1,Synthetic_Fake_Augmented
BREAKING NEWS: Analysis and Data SHARE TO ALL GROUPS!,1,Synthetic_Fake_Augmented
Read moreDetails,0,PremiumTimes_Real
URGENT SHARE NOW: ABDULRAZAQ ENDORSES GOVERNORSHIP ASPIRANT AMID KWARA APC TENSIONS !!!,1,Synthetic_Fake_Augmented
2024 Ondo Governorship Election,0,PremiumTimes_Real
"Content monetisation: The internet is rewarding harm, and women are paying the price, By Chioma Agwuegbo",0,PremiumTimes_Real
#EndSARS Dashboard,0,PremiumTimes_Real
URGENT SHARE NOW: PRIMARY HEALTH TRACKER SHARE TO ALL GROUPS!,1,Synthetic_Fake_Augmented
Primary Health Tracker,0,PremiumTimes_Real
FINAL WARNING: EXCLUSIVE: WHY TINUBU FIRED WALE EDUN AS FINANCE MINISTER SHARE TO ALL GROUPS!,1,Synthetic_Fake_Augmented
"CONFIRMED!!! DHQ GIVES UPDATE ON NIGERIA-US OPERATIONS AGAINST ISLAMIC STATE, SAYS 175 TERRORISTS KILLED READ AND SHARE!",1,Synthetic_Fake_Augmented
YOU WON'T BELIEVE: READ MOREDETAILS SHARE TO ALL GROUPS!,1,Synthetic_Fake_Augmented
ADC screens over 70 governorship aspirants ahead of primaries,0,PremiumTimes_Real
Read moreDetails,0,PremiumTimes_Real
APC Primaries: Thugs attack electoral official in Kaduna,0,PremiumTimes_Real
Panama Papers Game,0,PremiumTimes_Real
"FINAL WARNING: INSIDE THE INFORMANT NETWORKS UNDERMINING NIGERIA’S ANTI-BANDITRY CAMPAIGN, BY SAMUEL ARUWAN FORWARD IMMEDIATELY!",1,Synthetic_Fake_Augmented
BREAKING NEWS: Abdulqudus Ogundapo SHARE TO ALL GROUPS!,1,Synthetic_Fake_Augmented
Business Specials,0,PremiumTimes_Real
"Candidate selection or civilian coup?, By Dakuku Peterside",0,PremiumTimes_Real
Primary Health Tracker,0,PremiumTimes_Real
Analysis and Data,0,PremiumTimes_Real
Read moreDetails,0,PremiumTimes_Real
INVESTIGATION: Inside Nigerian communities where children are forced into marriage (1),0,PremiumTimes_Real
Headline Stories,0,PremiumTimes_Real
YOU WON'T BELIEVE: More Sports News SHARE TO ALL GROUPS!,1,Synthetic_Fake_Augmented
FINAL WARNING: Manasseh Mbachii ???,1,Synthetic_Fake_Augmented
Panama Papers Game,0,PremiumTimes_Real
SHOCKING!!! Online Kaszinó Magyar ???,1,Synthetic_Fake_Augmented
FINAL WARNING: More Sports News FORWARD IMMEDIATELY!,1,Synthetic_Fake_Augmented
Read moreDetails,0,PremiumTimes_Real
URGENT SHARE NOW: Headline Stories DON'T IGNORE THIS!,1,Synthetic_Fake_Augmented
SHOCKING!!! ABUBAKAR AHMADU MAISHANU DON'T IGNORE THIS!,1,Synthetic_Fake_Augmented
Gubernatorial & State House,0,PremiumTimes_Real
Parliament Watch,0,PremiumTimes_Real
SPECIAL REPORT: Nigeria’s maritime university upgrade stalls as billions flow into repealed academy,0,PremiumTimes_Real
CONFIRMED!!! 2024 Edo Governorship Election DON'T IGNORE THIS!,1,Synthetic_Fake_Augmented
More Sports News,0,PremiumTimes_Real
Read moreDetails,0,PremiumTimes_Real
FINAL WARNING: READ MOREDETAILS ???,1,Synthetic_Fake_Augmented
Oil-well Dispute: Inside the report that restores Cross River’s hope,0,PremiumTimes_Real
BREAKING NEWS: Read moreDetails DON'T IGNORE THIS!,1,Synthetic_Fake_Augmented
Centre for Investigative Journalism,0,PremiumTimes_Real
SHOCKING!!! 2024 ONDO GOVERNORSHIP ELECTION SHARE TO ALL GROUPS!,1,Synthetic_Fake_Augmented
Presidential & NASS,0,PremiumTimes_Real
SHOCKING!!! Court strikes out deceased deputy governor’s suit READ AND SHARE!,1,Synthetic_Fake_Augmented
Read moreDetails,0,PremiumTimes_Real
CONFIRMED!!! non Gamstop casinos SHARE TO ALL GROUPS!,1,Synthetic_Fake_Augmented
Flood Threat: NEMA launches response campaign in Rivers,0,PremiumTimes_Real
Mariya Shuaibu Suleiman,0,PremiumTimes_Real
Headline Stories,0,PremiumTimes_Real
Judge rules on SSS lawyer’s complaint of El-Rufai family’s alleged inciteful conduct,0,PremiumTimes_Real
URGENT SHARE NOW: SPECIAL REPORT: NIGERIA’S MARITIME UNIVERSITY UPGRADE STALLS AS BILLIONS FLOW INTO REPEALED ACADEMY READ AND SHARE!,1,Synthetic_Fake_Augmented
Human Trafficking Investigation,0,PremiumTimes_Real
Blood on Uniforms,0,PremiumTimes_Real
"Candidate selection or civilian coup?, By Dakuku Peterside",0,PremiumTimes_Real
Resource Curse? The only school in this Akwa Ibom oil community lies in ruins,0,PremiumTimes_Real
Read moreDetails,0,PremiumTimes_Real
Онлайн казино Казахстан,0,PremiumTimes_Real
Read moreDetails,0,PremiumTimes_Real
Fiscal Breach Uncovered: How Imo under Uzodinma spent N101.5 billion in unapproved funds,0,PremiumTimes_Real
Read moreDetails,0,PremiumTimes_Real
"YOU WON'T BELIEVE: DHQ DISMISSES CLAIMS OF TERRORIST BASE IN SOUTH-WEST, INTENSIFIES SEARCH FOR ABDUCTED OYO PUPILS !!!",1,Synthetic_Fake_Augmented
CONFIRMED!!! Read moreDetails ???,1,Synthetic_Fake_Augmented
Read moreDetails,0,PremiumTimes_Real
FINAL WARNING: LIST: Federal Unity Colleges in Nigeria ???,1,Synthetic_Fake_Augmented
SPECIAL REPORT: How families coped with 10-year closure of 23 schools in Oyo,0,PremiumTimes_Real
2024 Edo Governorship Election,0,PremiumTimes_Real
BREAKING NEWS: Financial Inclusion READ AND SHARE!,1,Synthetic_Fake_Augmented
2024 Ondo Governorship Election,0,PremiumTimes_Real
FINAL WARNING: SPECIAL REPORT: NIGERIA’S MARITIME UNIVERSITY UPGRADE STALLS AS BILLIONS FLOW INTO REPEALED ACADEMY READ AND SHARE!,1,Synthetic_Fake_Augmented
"URGENT SHARE NOW: CHELLE PICKS OSIMHEN, LOOKMAN FOR PORTUGAL, POLAND FRIENDLIES, NAMES SEVEN NPFL STARS FOR UNITY CUP FORWARD IMMEDIATELY!",1,Synthetic_Fake_Augmented
CONFIRMED!!! COURT STRIKES OUT DECEASED DEPUTY GOVERNOR’S SUIT ???,1,Synthetic_Fake_Augmented
Read moreDetails,0,PremiumTimes_Real
FINAL WARNING: Oil-well Dispute: Inside the report that restores Cross River’s hope SHARE TO ALL GROUPS!,1,Synthetic_Fake_Augmented
Read moreDetails,0,PremiumTimes_Real
"FAAN announces additional health screening measures, enhanced Ebola surveillance at Nigerian airports",0,PremiumTimes_Real
Data & Infographics,0,PremiumTimes_Real
YOU WON'T BELIEVE: INVESTIGATION: Inside Nigerian communities where children are forced into marriage (1) ???,1,Synthetic_Fake_Augmented
YOU WON'T BELIEVE: MORE SPORTS NEWS DON'T IGNORE THIS!,1,Synthetic_Fake_Augmented
CONFIRMED!!! FINANCIAL INCLUSION ???,1,Synthetic_Fake_Augmented
BREAKING NEWS: 2024 Edo Governorship Election ???,1,Synthetic_Fake_Augmented
Онлайн казино Казахстан,0,PremiumTimes_Real
CONFIRMED!!! READ MOREDETAILS READ AND SHARE!,1,Synthetic_Fake_Augmented
CONFIRMED!!! More Sports News FORWARD IMMEDIATELY!,1,Synthetic_Fake_Augmented
Read moreDetails,0,PremiumTimes_Real
FINAL WARNING: Read moreDetails SHARE TO ALL GROUPS!,1,Synthetic_Fake_Augmented
NYSC Orientation Camps in Nigeria,0,PremiumTimes_Real
Online Kaszinó Magyar,0,PremiumTimes_Real
YOU WON'T BELIEVE: Nigeria’s Federal/States’ Budgets since 2005 ???,1,Synthetic_Fake_Augmented
SPECIAL REPORT: Nigeria’s maritime university upgrade stalls as billions flow into repealed academy,0,PremiumTimes_Real
"INVESTIGATION: The illegal timber trade fuelling terrorism in North-central Nigeria, Benin",0,PremiumTimes_Real
Read moreDetails,0,PremiumTimes_Real
Primary Health Tracker,0,PremiumTimes_Real
Fiscal Breach Uncovered: How Imo under Uzodinma spent N101.5 billion in unapproved funds,0,PremiumTimes_Real
Geriausi kazino internetu,0,PremiumTimes_Real
BREAKING NEWS: Primary Health Tracker READ AND SHARE!,1,Synthetic_Fake_Augmented
Forgotten Password?,0,PremiumTimes_Real
Presidential & NASS,0,PremiumTimes_Real
2027: Uzodimma clinches APC Imo West Senatorial District ticket,0,PremiumTimes_Real
FINAL WARNING: Special Reports and Investigations READ AND SHARE!,1,Synthetic_Fake_Augmented
FINAL WARNING: NYSC Orientation Camps in Nigeria ???,1,Synthetic_Fake_Augmented
URGENT SHARE NOW: ONLINE KASZINÓ MAGYAR FORWARD IMMEDIATELY!,1,Synthetic_Fake_Augmented
Read moreDetails,0,PremiumTimes_Real
BREAKING NEWS: PRIMARY HEALTH TRACKER READ AND SHARE!,1,Synthetic_Fake_Augmented
Oil-well Dispute: Inside the report that restores Cross River’s hope,0,PremiumTimes_Real
URGENT SHARE NOW: Read moreDetails DON'T IGNORE THIS!,1,Synthetic_Fake_Augmented
BREAKING NEWS: Human Trafficking Investigation SHARE TO ALL GROUPS!,1,Synthetic_Fake_Augmented
"South Africa doesn’t have a leadership crisis: It has a humanity crisis, By Nqobile Pamela Xaba",0,PremiumTimes_Real
CONFIRMED!!! RESOURCE CURSE? THE ONLY SCHOOL IN THIS AKWA IBOM OIL COMMUNITY LIES IN RUINS READ AND SHARE!,1,Synthetic_Fake_Augmented
Онлайн казино Казахстан,0,PremiumTimes_Real
"Sterling Holdco to raise fresh $400 million through debt, equity instruments",0,PremiumTimes_Real
BREAKING NEWS: THE MEMBERSHIP CLUB READ AND SHARE!,1,Synthetic_Fake_Augmented
Malabu Scandal Thread,0,PremiumTimes_Real
‎Ondo doctors threaten action over alleged decline in welfare and manpower.,0,PremiumTimes_Real
2024 Edo Governorship Election,0,PremiumTimes_Real
Read moreDetails,0,PremiumTimes_Real
Read moreDetails,0,PremiumTimes_Real
FINAL WARNING: READ MOREDETAILS !!!,1,Synthetic_Fake_Augmented
URGENT SHARE NOW: Read moreDetails ???,1,Synthetic_Fake_Augmented
YOU WON'T BELIEVE: RESEARCH & INNOVATION DON'T IGNORE THIS!,1,Synthetic_Fake_Augmented
NYSC Orientation Camps in Nigeria,0,PremiumTimes_Real
CONFIRMED!!! OUR DIGITAL NETWORK SHARE TO ALL GROUPS!,1,Synthetic_Fake_Augmented
Primary Health Tracker,0,PremiumTimes_Real
Read moreDetails,0,PremiumTimes_Real
2024 Edo Governorship Election,0,PremiumTimes_Real
FINAL WARNING: non Gamstop casinos !!!,1,Synthetic_Fake_Augmented
Abubakar Ahmadu Maishanu,0,PremiumTimes_Real
SHOCKING!!! Fiscal Breach Uncovered: How Imo under Uzodinma spent N101.5 billion in unapproved funds FORWARD IMMEDIATELY!,1,Synthetic_Fake_Augmented
2024 Ondo Governorship Election,0,PremiumTimes_Real
Read moreDetails,0,PremiumTimes_Real
SHOCKING!!! HUMAN TRAFFICKING INVESTIGATION DON'T IGNORE THIS!,1,Synthetic_Fake_Augmented
"URGENT SHARE NOW: FAAN announces additional health screening measures, enhanced Ebola surveillance at Nigerian airports ???",1,Synthetic_Fake_Augmented
AbdulRazaq endorses governorship aspirant amid Kwara APC tensions,0,PremiumTimes_Real
Gubernatorial & State House,0,PremiumTimes_Real
CONFIRMED!!! SPECIAL REPORTS AND INVESTIGATIONS READ AND SHARE!,1,Synthetic_Fake_Augmented
2024 Ondo Governorship Election,0,PremiumTimes_Real
SHOCKING!!! MORE SPORTS NEWS FORWARD IMMEDIATELY!,1,Synthetic_Fake_Augmented
2024 Edo Governorship Election,0,PremiumTimes_Real
"FINAL WARNING: EID AND THE EPIDEMIC OF EMPTY POCKETS, BY REUBEN ABATI ???",1,Synthetic_Fake_Augmented
BREAKING NEWS: EXCLUSIVE: Why Tinubu fired Wale Edun as finance minister DON'T IGNORE THIS!,1,Synthetic_Fake_Augmented
BREAKING NEWS: FEATURES AND INTERVIEWS SHARE TO ALL GROUPS!,1,Synthetic_Fake_Augmented
Special Reports and Investigations,0,PremiumTimes_Real
FINAL WARNING: Oil-well Dispute: Inside the report that restores Cross River’s hope FORWARD IMMEDIATELY!,1,Synthetic_Fake_Augmented
Read moreDetails,0,PremiumTimes_Real
YOU WON'T BELIEVE: SPECIAL REPORTS/INVESTIGATIONS FORWARD IMMEDIATELY!,1,Synthetic_Fake_Augmented
Nigerian athlete shot dead days before MBA graduation in United States,0,PremiumTimes_Real
BREAKING NEWS: DATA AND INFOGRAPHICS DON'T IGNORE THIS!,1,Synthetic_Fake_Augmented
Gbemidepo Popoola,0,PremiumTimes_Real
"CONFIRMED!!! CANDIDATE SELECTION OR CIVILIAN COUP?, BY DAKUKU PETERSIDE !!!",1,Synthetic_Fake_Augmented
Read moreDetails,0,PremiumTimes_Real
BREAKING NEWS: OLOYEDE MADE JAMB MODEL FOR NIGERIA’S PUBLIC INSTITUTIONS – CLERIC ???,1,Synthetic_Fake_Augmented
Wrexham goalkeeper Arthur Okonkwo speaks on first Super Eagles’ call-up,0,PremiumTimes_Real
Primary Health Tracker,0,PremiumTimes_Real
"Content monetisation: The internet is rewarding harm, and women are paying the price, By Chioma Agwuegbo",0,PremiumTimes_Real
"South Africa doesn’t have a leadership crisis: It has a humanity crisis, By Nqobile Pamela Xaba",0,PremiumTimes_Real
YOU WON'T BELIEVE: KUKAH RECOUNTS GOWON’S POST-EXILE LIFE AFTER OUSTER FROM POWER DON'T IGNORE THIS!,1,Synthetic_Fake_Augmented
"BREAKING NEWS: JUST IN: Pantami withdraws from Gombe APC governorship primaries, gives reasons DON'T IGNORE THIS!",1,Synthetic_Fake_Augmented
"The Premium Times, Nigeria",0,PremiumTimes_Real
BREAKING NEWS: 2024 ONDO GOVERNORSHIP ELECTION DON'T IGNORE THIS!,1,Synthetic_Fake_Augmented
2027: APC appeal committee receives 5 petitions on Delta NASS primaries,0,PremiumTimes_Real
SHOCKING!!! READ MOREDETAILS READ AND SHARE!,1,Synthetic_Fake_Augmented
"Eid and the epidemic of empty pockets, By Reuben Abati",0,PremiumTimes_Real
URGENT SHARE NOW: Primary Health Tracker !!!,1,Synthetic_Fake_Augmented
"URGENT SHARE NOW: NDC as the new frontier of opposition, By Majeed Dahiru SHARE TO ALL GROUPS!",1,Synthetic_Fake_Augmented
YOU WON'T BELIEVE: Late arrival of officials stalls APC’s state assembly primaries in Lagos READ AND SHARE!,1,Synthetic_Fake_Augmented
BREAKING NEWS: SPECIAL REPORTS AND INVESTIGATIONS ???,1,Synthetic_Fake_Augmented
Modern Slavery: Inside Nigerian communities where children are sold into marriage (II),0,PremiumTimes_Real
2024 Ondo Governorship Election,0,PremiumTimes_Real
YOU WON'T BELIEVE: READ MOREDETAILS ???,1,Synthetic_Fake_Augmented
"The Premium Times, Nigeria",0,PremiumTimes_Real
Primary Health Tracker,0,PremiumTimes_Real
SHOCKING!!! PRESS ATTACK TRACKER !!!,1,Synthetic_Fake_Augmented
Geriausi kazino internetu,0,PremiumTimes_Real
Resource Curse? The only school in this Akwa Ibom oil community lies in ruins,0,PremiumTimes_Real
Gubernatorial & State House,0,PremiumTimes_Real
2024 Edo Governorship Election,0,PremiumTimes_Real
SPECIAL REPORT: Nigeria’s maritime university upgrade stalls as billions flow into repealed academy,0,PremiumTimes_Real
URGENT SHARE NOW: Analysis and Data DON'T IGNORE THIS!,1,Synthetic_Fake_Augmented
SPECIAL REPORT: Nigeria’s maritime university upgrade stalls as billions flow into repealed academy,0,PremiumTimes_Real
"South Africa doesn’t have a leadership crisis: It has a humanity crisis, By Nqobile Pamela Xaba",0,PremiumTimes_Real
"Candidate selection or civilian coup?, By Dakuku Peterside",0,PremiumTimes_Real
APC Primaries: Adebule emerges Lagos West candidate unopposed,0,PremiumTimes_Real
YOU WON'T BELIEVE: Read moreDetails FORWARD IMMEDIATELY!,1,Synthetic_Fake_Augmented
YOU WON'T BELIEVE: Financial Inclusion SHARE TO ALL GROUPS!,1,Synthetic_Fake_Augmented
BREAKING NEWS: FEATURES AND INTERVIEWS DON'T IGNORE THIS!,1,Synthetic_Fake_Augmented
FINAL WARNING: BUSINESS SPECIALS !!!,1,Synthetic_Fake_Augmented
List of Universities in Nigeria,0,PremiumTimes_Real
YOU WON'T BELIEVE: 2024 Edo Governorship Election SHARE TO ALL GROUPS!,1,Synthetic_Fake_Augmented
SHOCKING!!! ONLINE KASZINÓ MAGYAR !!!,1,Synthetic_Fake_Augmented
non Gamstop casinos,0,PremiumTimes_Real
Online Kaszinó Magyar,0,PremiumTimes_Real
Special Reports/Investigations,0,PremiumTimes_Real
2024 Ondo Governorship Election,0,PremiumTimes_Real
Late arrival of officials stalls APC’s state assembly primaries in Lagos,0,PremiumTimes_Real
Geriausi kazino internetu,0,PremiumTimes_Real
2024 Edo Governorship Election,0,PremiumTimes_Real
Headline Stories,0,PremiumTimes_Real
Plateau APC primaries sweep out six federal lawmakers,0,PremiumTimes_Real
Oil-well Dispute: Inside the report that restores Cross River’s hope,0,PremiumTimes_Real
2027: Court to deliver judgement in suit challenging Jonathan’s eligibility,0,PremiumTimes_Real
"SHOCKING!!! NDC AS THE NEW FRONTIER OF OPPOSITION, BY MAJEED DAHIRU SHARE TO ALL GROUPS!",1,Synthetic_Fake_Augmented
FINAL WARNING: FISCAL BREACH UNCOVERED: HOW IMO UNDER UZODINMA SPENT N101.5 BILLION IN UNAPPROVED FUNDS READ AND SHARE!,1,Synthetic_Fake_Augmented
"Okowa defeats Ned Nwoko, wins APC Delta North senatorial ticket",0,PremiumTimes_Real
More Sports News,0,PremiumTimes_Real
"After 15 years in the Senate, Goje loses APC primary",0,PremiumTimes_Real
URGENT SHARE NOW: Headline Stories READ AND SHARE!,1,Synthetic_Fake_Augmented
CONFIRMED!!! EXCLUSIVE: Why Tinubu fired Wale Edun as finance minister !!!,1,Synthetic_Fake_Augmented
Manasseh Mbachii,0,PremiumTimes_Real
Panama Papers Game,0,PremiumTimes_Real
CONFIRMED!!! Blood on Uniforms DON'T IGNORE THIS!,1,Synthetic_Fake_Augmented
"2027: Dafinone defeats Omo-Agege, wins APC senatorial ticket in Delta",0,PremiumTimes_Real
Geriausi kazino internetu,0,PremiumTimes_Real
Fiscal Breach Uncovered: How Imo under Uzodinma spent N101.5 billion in unapproved funds,0,PremiumTimes_Real
"CJID, EU launch initiative to fight disinformation, strengthen democratic resilience in north-west Nigeria",0,PremiumTimes_Real
"Oyedele unveils Tax Ombud website, digital portal to strengthen taxpayer protection",0,PremiumTimes_Real
Read moreDetails,0,PremiumTimes_Real
SHOCKING!!! BLOOD ON UNIFORMS SHARE TO ALL GROUPS!,1,Synthetic_Fake_Augmented
Abdulkareem Mojeed,0,PremiumTimes_Real
Financial Inclusion,0,PremiumTimes_Real
Read moreDetails,0,PremiumTimes_Real
Read moreDetails,0,PremiumTimes_Real
Financial Inclusion,0,PremiumTimes_Real
Blood on Uniforms,0,PremiumTimes_Real
"CONFIRMED!!! Content monetisation: The internet is rewarding harm, and women are paying the price, By Chioma Agwuegbo !!!",1,Synthetic_Fake_Augmented
"YOU WON'T BELIEVE: South Africa doesn’t have a leadership crisis: It has a humanity crisis, By Nqobile Pamela Xaba SHARE TO ALL GROUPS!",1,Synthetic_Fake_Augmented
"CONFIRMED!!! SOUTH AFRICA DOESN’T HAVE A LEADERSHIP CRISIS: IT HAS A HUMANITY CRISIS, BY NQOBILE PAMELA XABA DON'T IGNORE THIS!",1,Synthetic_Fake_Augmented
YOU WON'T BELIEVE: Headline Stories DON'T IGNORE THIS!,1,Synthetic_Fake_Augmented
CONFIRMED!!! ANALYSIS AND DATA READ AND SHARE!,1,Synthetic_Fake_Augmented
"APC Primaries: Senate spokesperson, other serving Ekiti senators win return tickets",0,PremiumTimes_Real
Headline Stories,0,PremiumTimes_Real
"FINAL WARNING: NDC AS THE NEW FRONTIER OF OPPOSITION, BY MAJEED DAHIRU READ AND SHARE!",1,Synthetic_Fake_Augmented
BREAKING NEWS: 2024 EDO GOVERNORSHIP ELECTION READ AND SHARE!,1,Synthetic_Fake_Augmented
National Conference,0,PremiumTimes_Real
How some people claimed I planned to kill Tinubu to take over power – VP Shettima,0,PremiumTimes_Real
The Membership Club,0,PremiumTimes_Real
Blood on Uniforms,0,PremiumTimes_Real
Fiscal Breach Uncovered: How Imo under Uzodinma spent N101.5 billion in unapproved funds,0,PremiumTimes_Real
URGENT SHARE NOW: Data & Infographics SHARE TO ALL GROUPS!,1,Synthetic_Fake_Augmented
Abubakar Ahmadu Maishanu,0,PremiumTimes_Real
Features and Interviews,0,PremiumTimes_Real
Primary Health Tracker,0,PremiumTimes_Real
YOU WON'T BELIEVE: INVESTIGATION: Inside Nigerian communities where children are forced into marriage (1) DON'T IGNORE THIS!,1,Synthetic_Fake_Augmented
Data & Infographics,0,PremiumTimes_Real
URGENT SHARE NOW: Headline Stories ???,1,Synthetic_Fake_Augmented
BREAKING NEWS: NON GAMSTOP CASINOS SHARE TO ALL GROUPS!,1,Synthetic_Fake_Augmented
Centre for Investigative Journalism,0,PremiumTimes_Real
SHOCKING!!! NON GAMSTOP CASINOS DON'T IGNORE THIS!,1,Synthetic_Fake_Augmented
Oil-well Dispute: Inside the report that restores Cross River’s hope,0,PremiumTimes_Real
URGENT SHARE NOW: 2024 Ondo Governorship Election DON'T IGNORE THIS!,1,Synthetic_Fake_Augmented
Read moreDetails,0,PremiumTimes_Real
YOU WON'T BELIEVE: NON GAMSTOP CASINOS DON'T IGNORE THIS!,1,Synthetic_Fake_Augmented
SHOCKING!!! Read moreDetails READ AND SHARE!,1,Synthetic_Fake_Augmented
Cross River senator rejects APC primary election results,0,PremiumTimes_Real
More Sports News,0,PremiumTimes_Real
"YOU WON'T BELIEVE: Content monetisation: The internet is rewarding harm, and women are paying the price, By Chioma Agwuegbo SHARE TO ALL GROUPS!",1,Synthetic_Fake_Augmented
"Content monetisation: The internet is rewarding harm, and women are paying the price, By Chioma Agwuegbo",0,PremiumTimes_Real
"Gowon Memoir: Jonathan, Sultan, rally Nigerians to preserve history",0,PremiumTimes_Real
Special Reports/Investigations,0,PremiumTimes_Real
"FINAL WARNING: South Africa doesn’t have a leadership crisis: It has a humanity crisis, By Nqobile Pamela Xaba SHARE TO ALL GROUPS!",1,Synthetic_Fake_Augmented
Special Reports and Investigations,0,PremiumTimes_Real
"Aspirants reject result of APC primary in Ekiti, demand cancellation",0,PremiumTimes_Real
Online Kaszinó Magyar,0,PremiumTimes_Real
"BREAKING NEWS: Enugu, Chinese firm launch digital training for students !!!",1,Synthetic_Fake_Augmented
Abdulqudus Ogundapo,0,PremiumTimes_Real
Read moreDetails,0,PremiumTimes_Real
FINAL WARNING: Financial Inclusion READ AND SHARE!,1,Synthetic_Fake_Augmented
"INVESTIGATION: The illegal timber trade fuelling terrorism in North-central Nigeria, Benin",0,PremiumTimes_Real
FINAL WARNING: BLOOD ON UNIFORMS READ AND SHARE!,1,Synthetic_Fake_Augmented
Read moreDetails,0,PremiumTimes_Real
CONFIRMED!!! Онлайн казино Казахстан FORWARD IMMEDIATELY!,1,Synthetic_Fake_Augmented
CONFIRMED!!! More Sports News !!!,1,Synthetic_Fake_Augmented
Analysis and Data,0,PremiumTimes_Real
Court strikes out deceased deputy governor’s suit,0,PremiumTimes_Real
FINAL WARNING: Read moreDetails READ AND SHARE!,1,Synthetic_Fake_Augmented
BREAKING NEWS: FEATURES AND INTERVIEWS SHARE TO ALL GROUPS!,1,Synthetic_Fake_Augmented
"URGENT SHARE NOW: SOUTH AFRICA DOESN’T HAVE A LEADERSHIP CRISIS: IT HAS A HUMANITY CRISIS, BY NQOBILE PAMELA XABA SHARE TO ALL GROUPS!",1,Synthetic_Fake_Augmented
Read moreDetails,0,PremiumTimes_Real
Nigeria’s Federal/States’ Budgets since 2005,0,PremiumTimes_Real
"Inside the informant networks undermining Nigeria’s anti-banditry campaign, By Samuel Aruwan",0,PremiumTimes_Real
YOU WON'T BELIEVE: SPECIAL REPORT: How families coped with 10-year closure of 23 schools in Oyo FORWARD IMMEDIATELY!,1,Synthetic_Fake_Augmented
Онлайн казино Казахстан,0,PremiumTimes_Real
SHOCKING!!! PRESIDENTIAL & NASS !!!,1,Synthetic_Fake_Augmented
Read moreDetails,0,PremiumTimes_Real
URGENT SHARE NOW: PARLIAMENT WATCH DON'T IGNORE THIS!,1,Synthetic_Fake_Augmented
Special Reports/Investigations,0,PremiumTimes_Real
"YOU WON'T BELIEVE: HOW CLOSE ASSOCIATES BETRAYED, OVERTHREW ME — GOWON READ AND SHARE!",1,Synthetic_Fake_Augmented
Togo removes visa requirement for African nationals,0,PremiumTimes_Real
FINAL WARNING: SPECIAL REPORTS AND INVESTIGATIONS READ AND SHARE!,1,Synthetic_Fake_Augmented
CONFIRMED!!! #ENDSARS DASHBOARD DON'T IGNORE THIS!,1,Synthetic_Fake_Augmented
SHOCKING!!! GERIAUSI KAZINO INTERNETU DON'T IGNORE THIS!,1,Synthetic_Fake_Augmented
Special Reports and Investigations,0,PremiumTimes_Real
"CONFIRMED!!! NDC AS THE NEW FRONTIER OF OPPOSITION, BY MAJEED DAHIRU DON'T IGNORE THIS!",1,Synthetic_Fake_Augmented
Data and Infographics,0,PremiumTimes_Real
Lawyers critical to ending corruption in Nigeria – NBA committee,0,PremiumTimes_Real
YOU WON'T BELIEVE: MODERN SLAVERY: INSIDE NIGERIAN COMMUNITIES WHERE CHILDREN ARE SOLD INTO MARRIAGE (II) DON'T IGNORE THIS!,1,Synthetic_Fake_Augmented
FINAL WARNING: BUSINESS SPECIALS FORWARD IMMEDIATELY!,1,Synthetic_Fake_Augmented
Read moreDetails,0,PremiumTimes_Real
SPECIAL REPORT: How families coped with 10-year closure of 23 schools in Oyo,0,PremiumTimes_Real
YOU WON'T BELIEVE: ‎ONDO DOCTORS THREATEN ACTION OVER ALLEGED DECLINE IN WELFARE AND MANPOWER. SHARE TO ALL GROUPS!,1,Synthetic_Fake_Augmented
FINAL WARNING: Panama Papers Game FORWARD IMMEDIATELY!,1,Synthetic_Fake_Augmented
UPDATED: EFCC arrests fleeing convicted ex-power minister,0,PremiumTimes_Real
SHOCKING!!! READ MOREDETAILS ???,1,Synthetic_Fake_Augmented
Read moreDetails,0,PremiumTimes_Real
"Thugs disrupt APC senatorial primary in Ondo, shoot senator’s car",0,PremiumTimes_Real
Read moreDetails,0,PremiumTimes_Real
SHOCKING!!! FINANCIAL INCLUSION READ AND SHARE!,1,Synthetic_Fake_Augmented
Forgotten Password?,0,PremiumTimes_Real
URGENT SHARE NOW: PRESIDENTIAL & NASS FORWARD IMMEDIATELY!,1,Synthetic_Fake_Augmented
"SHOCKING!!! INVESTIGATION: THE ILLEGAL TIMBER TRADE FUELLING TERRORISM IN NORTH-CENTRAL NIGERIA, BENIN READ AND SHARE!",1,Synthetic_Fake_Augmented
BREAKING NEWS: GERIAUSI KAZINO INTERNETU DON'T IGNORE THIS!,1,Synthetic_Fake_Augmented
NYSC Orientation Camps in Nigeria,0,PremiumTimes_Real
SHOCKING!!! Headline Stories !!!,1,Synthetic_Fake_Augmented
CONFIRMED!!! Read moreDetails READ AND SHARE!,1,Synthetic_Fake_Augmented
Онлайн казино Казахстан,0,PremiumTimes_Real
"SHOCKING!!! Content monetisation: The internet is rewarding harm, and women are paying the price, By Chioma Agwuegbo !!!",1,Synthetic_Fake_Augmented
Resource Curse? The only school in this Akwa Ibom oil community lies in ruins,0,PremiumTimes_Real
"Gowon’s Autobiography: T.Y. Danjuma donates N3bn, Dangote N500m",0,PremiumTimes_Real
2024 Edo Governorship Election,0,PremiumTimes_Real
"South Africa doesn’t have a leadership crisis: It has a humanity crisis, By Nqobile Pamela Xaba",0,PremiumTimes_Real
EXCLUSIVE: Why Tinubu fired Wale Edun as finance minister,0,PremiumTimes_Real
URGENT SHARE NOW: Flood Threat: NEMA launches response campaign in Rivers DON'T IGNORE THIS!,1,Synthetic_Fake_Augmented
SHOCKING!!! Read moreDetails DON'T IGNORE THIS!,1,Synthetic_Fake_Augmented
SHOCKING!!! Special Reports and Investigations DON'T IGNORE THIS!,1,Synthetic_Fake_Augmented
"South Africa doesn’t have a leadership crisis: It has a humanity crisis, By Nqobile Pamela Xaba",0,PremiumTimes_Real
BREAKING NEWS: GUBERNATORIAL & STATE HOUSE !!!,1,Synthetic_Fake_Augmented
BREAKING NEWS: 2024 Ondo Governorship Election FORWARD IMMEDIATELY!,1,Synthetic_Fake_Augmented
Geriausi kazino internetu,0,PremiumTimes_Real
Malabu Scandal Thread,0,PremiumTimes_Real
CONFIRMED!!! EXCLUSIVE: Why Tinubu fired Wale Edun as finance minister !!!,1,Synthetic_Fake_Augmented
Parliament Watch,0,PremiumTimes_Real
Court strikes out deceased deputy governor’s suit,0,PremiumTimes_Real
Read moreDetails,0,PremiumTimes_Real
"Inside the informant networks undermining Nigeria’s anti-banditry campaign, By Samuel Aruwan",0,PremiumTimes_Real
YOU WON'T BELIEVE: Blood on Uniforms DON'T IGNORE THIS!,1,Synthetic_Fake_Augmented
YOU WON'T BELIEVE: #ENDSARS DASHBOARD !!!,1,Synthetic_Fake_Augmented
Abia inaugurates biogas pilot project to drive renewable energy – Official,0,PremiumTimes_Real
FINAL WARNING: Wizkid sets record as first African artiste to reach 11 billion Spotify streams READ AND SHARE!,1,Synthetic_Fake_Augmented
Analysis and Data,0,PremiumTimes_Real
Read moreDetails,0,PremiumTimes_Real
Онлайн казино Казахстан,0,PremiumTimes_Real
Read moreDetails,0,PremiumTimes_Real
CONFIRMED!!! NATIONAL CONFERENCE READ AND SHARE!,1,Synthetic_Fake_Augmented
URGENT SHARE NOW: 2024 ONDO GOVERNORSHIP ELECTION !!!,1,Synthetic_Fake_Augmented
Forgotten Password?,0,PremiumTimes_Real
Read moreDetails,0,PremiumTimes_Real
URGENT SHARE NOW: PRIMARY HEALTH TRACKER DON'T IGNORE THIS!,1,Synthetic_Fake_Augmented
URGENT SHARE NOW: GERIAUSI KAZINO INTERNETU !!!,1,Synthetic_Fake_Augmented
Read moreDetails,0,PremiumTimes_Real
YOU WON'T BELIEVE: Flood Threat: NEMA launches response campaign in Rivers !!!,1,Synthetic_Fake_Augmented
Financial Inclusion,0,PremiumTimes_Real
ADC begins screening of governorship aspirants,0,PremiumTimes_Real
"How close associates betrayed, overthrew me — Gowon",0,PremiumTimes_Real
BREAKING NEWS: Read moreDetails FORWARD IMMEDIATELY!,1,Synthetic_Fake_Augmented
Blood on Uniforms,0,PremiumTimes_Real
BREAKING NEWS: 2024 ONDO GOVERNORSHIP ELECTION SHARE TO ALL GROUPS!,1,Synthetic_Fake_Augmented
YOU WON'T BELIEVE: READ MOREDETAILS FORWARD IMMEDIATELY!,1,Synthetic_Fake_Augmented
Read moreDetails,0,PremiumTimes_Real
Financial Inclusion,0,PremiumTimes_Real
Features and Interviews,0,PremiumTimes_Real
"YOU WON'T BELIEVE: INSIDE THE INFORMANT NETWORKS UNDERMINING NIGERIA’S ANTI-BANDITRY CAMPAIGN, BY SAMUEL ARUWAN DON'T IGNORE THIS!",1,Synthetic_Fake_Augmented
Blood on Uniforms,0,PremiumTimes_Real
EXCLUSIVE: Why Tinubu fired Wale Edun as finance minister,0,PremiumTimes_Real
Read moreDetails,0,PremiumTimes_Real
Lecturers at University of Cross River begin indefinite strike,0,PremiumTimes_Real
LIST: Federal Unity Colleges in Nigeria,0,PremiumTimes_Real
Another former minister boycotts Gombe APC governorship primary,0,PremiumTimes_Real
SHOCKING!!! GERIAUSI KAZINO INTERNETU DON'T IGNORE THIS!,1,Synthetic_Fake_Augmented
Late arrival of officials stalls APC’s state assembly primaries in Lagos,0,PremiumTimes_Real
FINAL WARNING: Read moreDetails !!!,1,Synthetic_Fake_Augmented
CONFIRMED!!! OIL-WELL DISPUTE: INSIDE THE REPORT THAT RESTORES CROSS RIVER’S HOPE DON'T IGNORE THIS!,1,Synthetic_Fake_Augmented
YOU WON'T BELIEVE: Manasseh Mbachii ???,1,Synthetic_Fake_Augmented
Research & Innovation,0,PremiumTimes_Real
URGENT SHARE NOW: MODERN SLAVERY: INSIDE NIGERIAN COMMUNITIES WHERE CHILDREN ARE SOLD INTO MARRIAGE (II) ???,1,Synthetic_Fake_Augmented
Special Reports and Investigations,0,PremiumTimes_Real
Read moreDetails,0,PremiumTimes_Real
EXCLUSIVE: Why Tinubu fired Wale Edun as finance minister,0,PremiumTimes_Real
Headline Stories,0,PremiumTimes_Real
Headline Stories,0,PremiumTimes_Real
CONFIRMED!!! ОНЛАЙН КАЗИНО КАЗАХСТАН !!!,1,Synthetic_Fake_Augmented
URGENT SHARE NOW: ﻿UCTH CMD says relocation of medical professionals gradually reducing READ AND SHARE!,1,Synthetic_Fake_Augmented
Wizkid sets record as first African artiste to reach 11 billion Spotify streams,0,PremiumTimes_Real
"CSOs condemn Borno schoolchildren abduction, demand security overhaul",0,PremiumTimes_Real
Read moreDetails,0,PremiumTimes_Real
URGENT SHARE NOW: READ MOREDETAILS SHARE TO ALL GROUPS!,1,Synthetic_Fake_Augmented
Special Reports and Investigations,0,PremiumTimes_Real
non Gamstop casinos,0,PremiumTimes_Real
Primary Health Tracker,0,PremiumTimes_Real
2024 Edo Governorship Election,0,PremiumTimes_Real
Read moreDetails,0,PremiumTimes_Real
URGENT SHARE NOW: Data and Infographics ???,1,Synthetic_Fake_Augmented
Read moreDetails,0,PremiumTimes_Real
"Soludo swears in 18 commissioners, four others",0,PremiumTimes_Real
Read moreDetails,0,PremiumTimes_Real
More Sports News,0,PremiumTimes_Real
Business Specials,0,PremiumTimes_Real
"URGENT SHARE NOW: EID AND THE EPIDEMIC OF EMPTY POCKETS, BY REUBEN ABATI SHARE TO ALL GROUPS!",1,Synthetic_Fake_Augmented
"The Premium Times, Nigeria",0,PremiumTimes_Real
SHOCKING!!! INVESTIGATION: Inside Nigerian communities where children are forced into marriage (1) FORWARD IMMEDIATELY!,1,Synthetic_Fake_Augmented
"DHQ gives update on Nigeria-US operations against Islamic State, says 175 terrorists killed",0,PremiumTimes_Real
CONFIRMED!!! EXCLUSIVE: Why Tinubu fired Wale Edun as finance minister ???,1,Synthetic_Fake_Augmented
"URGENT SHARE NOW: INVESTIGATION: THE ILLEGAL TIMBER TRADE FUELLING TERRORISM IN NORTH-CENTRAL NIGERIA, BENIN ???",1,Synthetic_Fake_Augmented
Headline Stories,0,PremiumTimes_Real
URGENT SHARE NOW: Read moreDetails DON'T IGNORE THIS!,1,Synthetic_Fake_Augmented
Abubakar Ahmadu Maishanu,0,PremiumTimes_Real
Financial Inclusion,0,PremiumTimes_Real
INVESTIGATION: Inside Nigerian communities where children are forced into marriage (1),0,PremiumTimes_Real
FINAL WARNING: Read moreDetails DON'T IGNORE THIS!,1,Synthetic_Fake_Augmented
Our Digital Network,0,PremiumTimes_Real
Resource Curse? The only school in this Akwa Ibom oil community lies in ruins,0,PremiumTimes_Real
"FINAL WARNING: CJID, EU launch initiative to fight disinformation, strengthen democratic resilience in north-west Nigeria ???",1,Synthetic_Fake_Augmented
"INVESTIGATION: The illegal timber trade fuelling terrorism in North-central Nigeria, Benin",0,PremiumTimes_Real
Read moreDetails,0,PremiumTimes_Real
Онлайн казино Казахстан,0,PremiumTimes_Real
AFCON 2027: Super Eagles await opponents as CAF conducts qualifiers draw in Cairo,0,PremiumTimes_Real
YOU WON'T BELIEVE: BUSINESS SPECIALS SHARE TO ALL GROUPS!,1,Synthetic_Fake_Augmented
"BREAKING NEWS: KANO TEACHER REMANDED, SCHOOL SHUT OVER ALLEGED SEXUAL ABUSE OF PUPILS !!!",1,Synthetic_Fake_Augmented
Presidential & NASS,0,PremiumTimes_Real
#EndSARS Dashboard,0,PremiumTimes_Real
Headline Stories,0,PremiumTimes_Real
Our Digital Network,0,PremiumTimes_Real
"NDC as the new frontier of opposition, By Majeed Dahiru",0,PremiumTimes_Real
non Gamstop casinos,0,PremiumTimes_Real
"SHOCKING!!! THE PREMIUM TIMES, NIGERIA READ AND SHARE!",1,Synthetic_Fake_Augmented
Analysis and Data,0,PremiumTimes_Real
"YOU WON'T BELIEVE: NDC as the new frontier of opposition, By Majeed Dahiru DON'T IGNORE THIS!",1,Synthetic_Fake_Augmented
"CONFIRMED!!! INVESTIGATION: THE ILLEGAL TIMBER TRADE FUELLING TERRORISM IN NORTH-CENTRAL NIGERIA, BENIN FORWARD IMMEDIATELY!",1,Synthetic_Fake_Augmented
List of Universities in Nigeria,0,PremiumTimes_Real
Court begins contempt proceedings against FCCPC over alleged breach of digital lending order,0,PremiumTimes_Real
CONFIRMED!!! ANALYSIS AND DATA ???,1,Synthetic_Fake_Augmented
FINAL WARNING: MODERN SLAVERY: INSIDE NIGERIAN COMMUNITIES WHERE CHILDREN ARE SOLD INTO MARRIAGE (II) FORWARD IMMEDIATELY!,1,Synthetic_Fake_Augmented
Analysis and Data,0,PremiumTimes_Real
SHOCKING!!! Primary Health Tracker FORWARD IMMEDIATELY!,1,Synthetic_Fake_Augmented
"Content monetisation: The internet is rewarding harm, and women are paying the price, By Chioma Agwuegbo",0,PremiumTimes_Real
"YOU WON'T BELIEVE: PenCom, NLC move against pension non-remittance by employers READ AND SHARE!",1,Synthetic_Fake_Augmented
FINAL WARNING: BUSINESS SPECIALS ???,1,Synthetic_Fake_Augmented
Data & Infographics,0,PremiumTimes_Real
Headline Stories,0,PremiumTimes_Real
"NRS, JRB to implement Tax ID system",0,PremiumTimes_Real
Headline Stories,0,PremiumTimes_Real
SHOCKING!!! HEADLINE STORIES DON'T IGNORE THIS!,1,Synthetic_Fake_Augmented
Oil-well Dispute: Inside the report that restores Cross River’s hope,0,PremiumTimes_Real
FINAL WARNING: READ MOREDETAILS ???,1,Synthetic_Fake_Augmented
Geriausi kazino internetu,0,PremiumTimes_Real
SHOCKING!!! Special Reports/Investigations !!!,1,Synthetic_Fake_Augmented
SHOCKING!!! OLOYEDE MADE JAMB MODEL FOR NIGERIA’S PUBLIC INSTITUTIONS – CLERIC DON'T IGNORE THIS!,1,Synthetic_Fake_Augmented
Geriausi kazino internetu,0,PremiumTimes_Real
EXCLUSIVE: Why Tinubu fired Wale Edun as finance minister,0,PremiumTimes_Real
"SHOCKING!!! INVESTIGATION: THE ILLEGAL TIMBER TRADE FUELLING TERRORISM IN NORTH-CENTRAL NIGERIA, BENIN SHARE TO ALL GROUPS!",1,Synthetic_Fake_Augmented
2024 Edo Governorship Election,0,PremiumTimes_Real
#EndSARS Dashboard,0,PremiumTimes_Real
CONFIRMED!!! Business Specials SHARE TO ALL GROUPS!,1,Synthetic_Fake_Augmented
NYSC Orientation Camps in Nigeria,0,PremiumTimes_Real
"INVESTIGATION: The illegal timber trade fuelling terrorism in North-central Nigeria, Benin",0,PremiumTimes_Real
BREAKING NEWS: Geriausi kazino internetu SHARE TO ALL GROUPS!,1,Synthetic_Fake_Augmented
SHOCKING!!! Abdulkareem Haruna FORWARD IMMEDIATELY!,1,Synthetic_Fake_Augmented
FINAL WARNING: Financial Inclusion !!!,1,Synthetic_Fake_Augmented
National Conference,0,PremiumTimes_Real
FINAL WARNING: INVESTIGATION: INSIDE NIGERIAN COMMUNITIES WHERE CHILDREN ARE FORCED INTO MARRIAGE (1) FORWARD IMMEDIATELY!,1,Synthetic_Fake_Augmented
"FINAL WARNING: CSOS CONDEMN BORNO SCHOOLCHILDREN ABDUCTION, DEMAND SECURITY OVERHAUL FORWARD IMMEDIATELY!",1,Synthetic_Fake_Augmented
SPECIAL REPORT: Nigeria’s maritime university upgrade stalls as billions flow into repealed academy,0,PremiumTimes_Real
SHOCKING!!! Fiscal Breach Uncovered: How Imo under Uzodinma spent N101.5 billion in unapproved funds DON'T IGNORE THIS!,1,Synthetic_Fake_Augmented
YOU WON'T BELIEVE: Headline Stories READ AND SHARE!,1,Synthetic_Fake_Augmented
"URGENT SHARE NOW: PENCOM, NLC MOVE AGAINST PENSION NON-REMITTANCE BY EMPLOYERS FORWARD IMMEDIATELY!",1,Synthetic_Fake_Augmented
"YOU WON'T BELIEVE: INVESTIGATION: THE ILLEGAL TIMBER TRADE FUELLING TERRORISM IN NORTH-CENTRAL NIGERIA, BENIN SHARE TO ALL GROUPS!",1,Synthetic_Fake_Augmented
Read moreDetails,0,PremiumTimes_Real
CONFIRMED!!! BUSINESS SPECIALS !!!,1,Synthetic_Fake_Augmented
SHOCKING!!! ОНЛАЙН КАЗИНО КАЗАХСТАН ???,1,Synthetic_Fake_Augmented
"2027: Barau, Shekarau, Kawu emerge as Kano APC senatorial candidates unopposed",0,PremiumTimes_Real
"YOU WON'T BELIEVE: CANDIDATE SELECTION OR CIVILIAN COUP?, BY DAKUKU PETERSIDE !!!",1,Synthetic_Fake_Augmented
URGENT SHARE NOW: Malabu Scandal Thread ???,1,Synthetic_Fake_Augmented
FINAL WARNING: WIZKID SETS RECORD AS FIRST AFRICAN ARTISTE TO REACH 11 BILLION SPOTIFY STREAMS READ AND SHARE!,1,Synthetic_Fake_Augmented
Blood on Uniforms,0,PremiumTimes_Real
Read moreDetails,0,PremiumTimes_Real
"NDC as the new frontier of opposition, By Majeed Dahiru",0,PremiumTimes_Real
FINAL WARNING: ANALYSIS AND DATA ???,1,Synthetic_Fake_Augmented
"Candidate selection or civilian coup?, By Dakuku Peterside",0,PremiumTimes_Real
YOU WON'T BELIEVE: Resource Curse? The only school in this Akwa Ibom oil community lies in ruins DON'T IGNORE THIS!,1,Synthetic_Fake_Augmented
Read moreDetails,0,PremiumTimes_Real
Primary Health Tracker,0,PremiumTimes_Real
INVESTIGATION: Inside Nigerian communities where children are forced into marriage (1),0,PremiumTimes_Real
Oil-well Dispute: Inside the report that restores Cross River’s hope,0,PremiumTimes_Real
Parliament Watch,0,PremiumTimes_Real
URGENT SHARE NOW: READ MOREDETAILS SHARE TO ALL GROUPS!,1,Synthetic_Fake_Augmented
Read moreDetails,0,PremiumTimes_Real
BREAKING NEWS: SPECIAL REPORT: How families coped with 10-year closure of 23 schools in Oyo !!!,1,Synthetic_Fake_Augmented
"Content monetisation: The internet is rewarding harm, and women are paying the price, By Chioma Agwuegbo",0,PremiumTimes_Real
YOU WON'T BELIEVE: HEADLINE STORIES FORWARD IMMEDIATELY!,1,Synthetic_Fake_Augmented
Analysis and Data,0,PremiumTimes_Real
BREAKING NEWS: 2024 EDO GOVERNORSHIP ELECTION !!!,1,Synthetic_Fake_Augmented
"URGENT SHARE NOW: EID AND THE EPIDEMIC OF EMPTY POCKETS, BY REUBEN ABATI ???",1,Synthetic_Fake_Augmented
SHOCKING!!! PARLIAMENT WATCH !!!,1,Synthetic_Fake_Augmented
#EndSARS Dashboard,0,PremiumTimes_Real
2024 Edo Governorship Election,0,PremiumTimes_Real
"SHOCKING!!! INVESTIGATION: THE ILLEGAL TIMBER TRADE FUELLING TERRORISM IN NORTH-CENTRAL NIGERIA, BENIN READ AND SHARE!",1,Synthetic_Fake_Augmented
Business Specials,0,PremiumTimes_Real
YOU WON'T BELIEVE: More Sports News DON'T IGNORE THIS!,1,Synthetic_Fake_Augmented
BREAKING NEWS: Read moreDetails READ AND SHARE!,1,Synthetic_Fake_Augmented
SPECIAL REPORT: How families coped with 10-year closure of 23 schools in Oyo,0,PremiumTimes_Real
"FG to scale up caregiver training, certification to boost care economy",0,PremiumTimes_Real
Press Attack Tracker,0,PremiumTimes_Real
URGENT SHARE NOW: non Gamstop casinos !!!,1,Synthetic_Fake_Augmented
Modern Slavery: Inside Nigerian communities where children are sold into marriage (II),0,PremiumTimes_Real
Read moreDetails,0,PremiumTimes_Real
BREAKING NEWS: ‎Ondo doctors threaten action over alleged decline in welfare and manpower. !!!,1,Synthetic_Fake_Augmented
"Candidate selection or civilian coup?, By Dakuku Peterside",0,PremiumTimes_Real
Xenophobia: Ghana to begin repatriating citizens from South Africa on Thursday,0,PremiumTimes_Real
URGENT SHARE NOW: CENTRE FOR INVESTIGATIVE JOURNALISM ???,1,Synthetic_Fake_Augmented
UPDATED: Makinde-backed PDP adopts Jonathan as sole presidential candidate,0,PremiumTimes_Real
"DHQ dismisses claims of terrorist base in South-west, intensifies search for abducted Oyo pupils",0,PremiumTimes_Real
Panama Papers Game,0,PremiumTimes_Real
#EndSARS Dashboard,0,PremiumTimes_Real
Data and Infographics,0,PremiumTimes_Real
Parliament Watch,0,PremiumTimes_Real
FINAL WARNING: MALABU SCANDAL THREAD DON'T IGNORE THIS!,1,Synthetic_Fake_Augmented
Modern Slavery: Inside Nigerian communities where children are sold into marriage (II),0,PremiumTimes_Real
Read moreDetails,0,PremiumTimes_Real
BREAKING NEWS: READ MOREDETAILS ???,1,Synthetic_Fake_Augmented
Resource Curse? The only school in this Akwa Ibom oil community lies in ruins,0,PremiumTimes_Real
INVESTIGATION: Inside Nigerian communities where children are forced into marriage (1),0,PremiumTimes_Real
BREAKING NEWS: Nigeria’s Federal/States’ Budgets since 2005 SHARE TO ALL GROUPS!,1,Synthetic_Fake_Augmented
SPECIAL REPORT: Nigeria’s maritime university upgrade stalls as billions flow into repealed academy,0,PremiumTimes_Real
Geriausi kazino internetu,0,PremiumTimes_Real
More Sports News,0,PremiumTimes_Real
Headline Stories,0,PremiumTimes_Real
CONFIRMED!!! ONLINE KASZINÓ MAGYAR !!!,1,Synthetic_Fake_Augmented
Modern Slavery: Inside Nigerian communities where children are sold into marriage (II),0,PremiumTimes_Real
SHOCKING!!! FISCAL BREACH UNCOVERED: HOW IMO UNDER UZODINMA SPENT N101.5 BILLION IN UNAPPROVED FUNDS READ AND SHARE!,1,Synthetic_Fake_Augmented
Financial Inclusion,0,PremiumTimes_Real
non Gamstop casinos,0,PremiumTimes_Real
URGENT SHARE NOW: EXCLUSIVE: WHY TINUBU FIRED WALE EDUN AS FINANCE MINISTER ???,1,Synthetic_Fake_Augmented
Business Specials,0,PremiumTimes_Real
#EndSARS Dashboard,0,PremiumTimes_Real
Falana petitions African Commission over xenophobia attacks in South Africa,0,PremiumTimes_Real
SHOCKING!!! DRC-UGANDA EBOLA EMERGENCY FOLLOWED IHR PROCEDURES — WHO FORWARD IMMEDIATELY!,1,Synthetic_Fake_Augmented
Abubakar Ahmadu Maishanu,0,PremiumTimes_Real
Features and Interviews,0,PremiumTimes_Real
SHOCKING!!! PLATEAU APC PRIMARIES SWEEP OUT SIX FEDERAL LAWMAKERS SHARE TO ALL GROUPS!,1,Synthetic_Fake_Augmented
#EndSARS Dashboard,0,PremiumTimes_Real
YOU WON'T BELIEVE: EXCLUSIVE: Why Tinubu fired Wale Edun as finance minister READ AND SHARE!,1,Synthetic_Fake_Augmented
"FINAL WARNING: CSOs condemn Borno schoolchildren abduction, demand security overhaul ???",1,Synthetic_Fake_Augmented
Special Reports/Investigations,0,PremiumTimes_Real
"INVESTIGATION: The illegal timber trade fuelling terrorism in North-central Nigeria, Benin",0,PremiumTimes_Real
﻿UCTH CMD says relocation of medical professionals gradually reducing,0,PremiumTimes_Real
FINAL WARNING: READ MOREDETAILS ???,1,Synthetic_Fake_Augmented
Read moreDetails,0,PremiumTimes_Real
ECOWAS Court orders Nigeria to decongest overcrowded prisons,0,PremiumTimes_Real
FINAL WARNING: COURT BEGINS CONTEMPT PROCEEDINGS AGAINST FCCPC OVER ALLEGED BREACH OF DIGITAL LENDING ORDER ???,1,Synthetic_Fake_Augmented
SHOCKING!!! COURT BEGINS CONTEMPT PROCEEDINGS AGAINST FCCPC OVER ALLEGED BREACH OF DIGITAL LENDING ORDER SHARE TO ALL GROUPS!,1,Synthetic_Fake_Augmented
Online Kaszinó Magyar,0,PremiumTimes_Real
2024 Ondo Governorship Election,0,PremiumTimes_Real
Special Reports/Investigations,0,PremiumTimes_Real
Read moreDetails,0,PremiumTimes_Real
Press Attack Tracker,0,PremiumTimes_Real
BREAKING NEWS: Business Specials FORWARD IMMEDIATELY!,1,Synthetic_Fake_Augmented
FINAL WARNING: Headline Stories READ AND SHARE!,1,Synthetic_Fake_Augmented
Fiscal Breach Uncovered: How Imo under Uzodinma spent N101.5 billion in unapproved funds,0,PremiumTimes_Real
CONFIRMED!!! FEATURES AND INTERVIEWS FORWARD IMMEDIATELY!,1,Synthetic_Fake_Augmented
"URGENT SHARE NOW: THE PREMIUM TIMES, NIGERIA SHARE TO ALL GROUPS!",1,Synthetic_Fake_Augmented
Primary Health Tracker,0,PremiumTimes_Real
National Conference,0,PremiumTimes_Real
Read moreDetails,0,PremiumTimes_Real
YOU WON'T BELIEVE: Abubakar Ahmadu Maishanu FORWARD IMMEDIATELY!,1,Synthetic_Fake_Augmented
YOU WON'T BELIEVE: Primary Health Tracker READ AND SHARE!,1,Synthetic_Fake_Augmented
Read moreDetails,0,PremiumTimes_Real
UniAbuja student wins Amnesty International’s 2026 inter-varsity debate,0,PremiumTimes_Real
"Inside the informant networks undermining Nigeria’s anti-banditry campaign, By Samuel Aruwan",0,PremiumTimes_Real
"Eid and the epidemic of empty pockets, By Reuben Abati",0,PremiumTimes_Real
YOU WON'T BELIEVE: ОНЛАЙН КАЗИНО КАЗАХСТАН !!!,1,Synthetic_Fake_Augmented
URGENT SHARE NOW: SPECIAL REPORT: HOW FAMILIES COPED WITH 10-YEAR CLOSURE OF 23 SCHOOLS IN OYO ???,1,Synthetic_Fake_Augmented
"Army expands nationwide formations, honours fallen, wounded soldiers",0,PremiumTimes_Real
2024 Ondo Governorship Election,0,PremiumTimes_Real
"APC returns incumbents, picks new faces in Osun primaries",0,PremiumTimes_Real
SHOCKING!!! FEATURES AND INTERVIEWS DON'T IGNORE THIS!,1,Synthetic_Fake_Augmented
Read moreDetails,0,PremiumTimes_Real
SHOCKING!!! FEATURES AND INTERVIEWS ???,1,Synthetic_Fake_Augmented
Modern Slavery: Inside Nigerian communities where children are sold into marriage (II),0,PremiumTimes_Real
BREAKING NEWS: FALANA PETITIONS AFRICAN COMMISSION OVER XENOPHOBIA ATTACKS IN SOUTH AFRICA DON'T IGNORE THIS!,1,Synthetic_Fake_Augmented
URGENT SHARE NOW: Analysis and Data !!!,1,Synthetic_Fake_Augmented
SHOCKING!!! OIL-WELL DISPUTE: INSIDE THE REPORT THAT RESTORES CROSS RIVER’S HOPE DON'T IGNORE THIS!,1,Synthetic_Fake_Augmented
More Sports News,0,PremiumTimes_Real
"FINAL WARNING: DHQ DISMISSES CLAIMS OF TERRORIST BASE IN SOUTH-WEST, INTENSIFIES SEARCH FOR ABDUCTED OYO PUPILS ???",1,Synthetic_Fake_Augmented
BREAKING NEWS: Read moreDetails DON'T IGNORE THIS!,1,Synthetic_Fake_Augmented
List of Universities in Nigeria,0,PremiumTimes_Real
"Chelle picks Osimhen, Lookman for Portugal, Poland friendlies, names seven NPFL stars for Unity Cup",0,PremiumTimes_Real
CONFIRMED!!! OIL-WELL DISPUTE: INSIDE THE REPORT THAT RESTORES CROSS RIVER’S HOPE SHARE TO ALL GROUPS!,1,Synthetic_Fake_Augmented
FINAL WARNING: READ MOREDETAILS DON'T IGNORE THIS!,1,Synthetic_Fake_Augmented
"Inside the informant networks undermining Nigeria’s anti-banditry campaign, By Samuel Aruwan",0,PremiumTimes_Real
"OAU inducts 157 medical, dental graduates",0,PremiumTimes_Real
Read moreDetails,0,PremiumTimes_Real
"YOU WON'T BELIEVE: CANDIDATE SELECTION OR CIVILIAN COUP?, BY DAKUKU PETERSIDE ???",1,Synthetic_Fake_Augmented
INVESTIGATION: Inside Nigerian communities where children are forced into marriage (1),0,PremiumTimes_Real
SHOCKING!!! Resource Curse? The only school in this Akwa Ibom oil community lies in ruins !!!,1,Synthetic_Fake_Augmented
LIST: Federal Unity Colleges in Nigeria,0,PremiumTimes_Real
DRC-Uganda Ebola emergency followed IHR procedures — WHO,0,PremiumTimes_Real
Read moreDetails,0,PremiumTimes_Real
"Cattle destroy farm in Abia community, herders’ whereabouts unknown",0,PremiumTimes_Real
Read moreDetails,0,PremiumTimes_Real
Mariya Shuaibu Suleiman,0,PremiumTimes_Real
FINAL WARNING: LATE ARRIVAL OF OFFICIALS STALLS APC’S STATE ASSEMBLY PRIMARIES IN LAGOS FORWARD IMMEDIATELY!,1,Synthetic_Fake_Augmented
Oil-well Dispute: Inside the report that restores Cross River’s hope,0,PremiumTimes_Real
CONFIRMED!!! Read moreDetails !!!,1,Synthetic_Fake_Augmented
YOU WON'T BELIEVE: ADC BEGINS SCREENING OF GOVERNORSHIP ASPIRANTS DON'T IGNORE THIS!,1,Synthetic_Fake_Augmented
URGENT SHARE NOW: READ MOREDETAILS ???,1,Synthetic_Fake_Augmented
SPECIAL REPORT: How families coped with 10-year closure of 23 schools in Oyo,0,PremiumTimes_Real
Read moreDetails,0,PremiumTimes_Real
BREAKING NEWS: INVESTIGATION: INSIDE NIGERIAN COMMUNITIES WHERE CHILDREN ARE FORCED INTO MARRIAGE (1) FORWARD IMMEDIATELY!,1,Synthetic_Fake_Augmented
SHOCKING!!! More Sports News FORWARD IMMEDIATELY!,1,Synthetic_Fake_Augmented
SPECIAL REPORT: How families coped with 10-year closure of 23 schools in Oyo,0,PremiumTimes_Real
Fiscal Breach Uncovered: How Imo under Uzodinma spent N101.5 billion in unapproved funds,0,PremiumTimes_Real
Trump says he called off renewed attack on Iran at Gulf states’ request,0,PremiumTimes_Real
Read moreDetails,0,PremiumTimes_Real
"CONFIRMED!!! The Premium Times, Nigeria ???",1,Synthetic_Fake_Augmented
URGENT SHARE NOW: Modern Slavery: Inside Nigerian communities where children are sold into marriage (II) ???,1,Synthetic_Fake_Augmented
"2027: Orji Kalu, Atuma win APC senatorial tickets in Abia",0,PremiumTimes_Real
Features and Interviews,0,PremiumTimes_Real
"FINAL WARNING: CANDIDATE SELECTION OR CIVILIAN COUP?, BY DAKUKU PETERSIDE ???",1,Synthetic_Fake_Augmented
SHOCKING!!! Read moreDetails !!!,1,Synthetic_Fake_Augmented
"BREAKING NEWS: DHQ GIVES UPDATE ON NIGERIA-US OPERATIONS AGAINST ISLAMIC STATE, SAYS 175 TERRORISTS KILLED !!!",1,Synthetic_Fake_Augmented
SHOCKING!!! ADC begins screening of governorship aspirants DON'T IGNORE THIS!,1,Synthetic_Fake_Augmented
Read moreDetails,0,PremiumTimes_Real
Fiscal Breach Uncovered: How Imo under Uzodinma spent N101.5 billion in unapproved funds,0,PremiumTimes_Real
"Inside the informant networks undermining Nigeria’s anti-banditry campaign, By Samuel Aruwan",0,PremiumTimes_Real
"YOU WON'T BELIEVE: Enugu, Chinese firm launch digital training for students ???",1,Synthetic_Fake_Augmented
Онлайн казино Казахстан,0,PremiumTimes_Real
YOU WON'T BELIEVE: SPECIAL REPORT: NIGERIA’S MARITIME UNIVERSITY UPGRADE STALLS AS BILLIONS FLOW INTO REPEALED ACADEMY FORWARD IMMEDIATELY!,1,Synthetic_Fake_Augmented
YOU WON'T BELIEVE: ANALYSIS AND DATA FORWARD IMMEDIATELY!,1,Synthetic_Fake_Augmented
CONFIRMED!!! 2024 EDO GOVERNORSHIP ELECTION ???,1,Synthetic_Fake_Augmented
2024 Ondo Governorship Election,0,PremiumTimes_Real
"Eid and the epidemic of empty pockets, By Reuben Abati",0,PremiumTimes_Real
Read moreDetails,0,PremiumTimes_Real
2024 Ondo Governorship Election,0,PremiumTimes_Real
Features and Interviews,0,PremiumTimes_Real
non Gamstop casinos,0,PremiumTimes_Real
CONFIRMED!!! READ MOREDETAILS FORWARD IMMEDIATELY!,1,Synthetic_Fake_Augmented
"SHOCKING!!! Inside the informant networks undermining Nigeria’s anti-banditry campaign, By Samuel Aruwan SHARE TO ALL GROUPS!",1,Synthetic_Fake_Augmented
Human Trafficking Investigation,0,PremiumTimes_Real
CONFIRMED!!! List of Universities in Nigeria FORWARD IMMEDIATELY!,1,Synthetic_Fake_Augmented
SPECIAL REPORT: How families coped with 10-year closure of 23 schools in Oyo,0,PremiumTimes_Real
Read moreDetails,0,PremiumTimes_Real
CONFIRMED!!! Geriausi kazino internetu FORWARD IMMEDIATELY!,1,Synthetic_Fake_Augmented
More Sports News,0,PremiumTimes_Real
SPECIAL REPORT: How families coped with 10-year closure of 23 schools in Oyo,0,PremiumTimes_Real
SHOCKING!!! Read moreDetails SHARE TO ALL GROUPS!,1,Synthetic_Fake_Augmented
Headline Stories,0,PremiumTimes_Real
SHOCKING!!! READ MOREDETAILS SHARE TO ALL GROUPS!,1,Synthetic_Fake_Augmented
Headline Stories,0,PremiumTimes_Real
CONFIRMED!!! INVESTIGATION: Inside Nigerian communities where children are forced into marriage (1) DON'T IGNORE THIS!,1,Synthetic_Fake_Augmented
EFCC hands over recovered N837million to Katsina government,0,PremiumTimes_Real
Read moreDetails,0,PremiumTimes_Real
EPL: Arsenal move five points clear after slim win over Burnley,0,PremiumTimes_Real
CONFIRMED!!! SPECIAL REPORT: NIGERIA’S MARITIME UNIVERSITY UPGRADE STALLS AS BILLIONS FLOW INTO REPEALED ACADEMY FORWARD IMMEDIATELY!,1,Synthetic_Fake_Augmented
Online Kaszinó Magyar,0,PremiumTimes_Real
"Kano teacher remanded, school shut over alleged sexual abuse of pupils",0,PremiumTimes_Real
YOU WON'T BELIEVE: BUSINESS SPECIALS DON'T IGNORE THIS!,1,Synthetic_Fake_Augmented
Read moreDetails,0,PremiumTimes_Real
Abubakar Ahmadu Maishanu,0,PremiumTimes_Real
non Gamstop casinos,0,PremiumTimes_Real
Read moreDetails,0,PremiumTimes_Real
Headline Stories,0,PremiumTimes_Real
#EndSARS Dashboard,0,PremiumTimes_Real
SHOCKING!!! Read moreDetails !!!,1,Synthetic_Fake_Augmented
Read moreDetails,0,PremiumTimes_Real
Read moreDetails,0,PremiumTimes_Real
SHOCKING!!! RESEARCH & INNOVATION !!!,1,Synthetic_Fake_Augmented
YOU WON'T BELIEVE: 2024 Ondo Governorship Election READ AND SHARE!,1,Synthetic_Fake_Augmented
Special Reports and Investigations,0,PremiumTimes_Real
Analysis and Data,0,PremiumTimes_Real
YOU WON'T BELIEVE: ОНЛАЙН КАЗИНО КАЗАХСТАН FORWARD IMMEDIATELY!,1,Synthetic_Fake_Augmented
BREAKING NEWS: PRESS ATTACK TRACKER READ AND SHARE!,1,Synthetic_Fake_Augmented
YOU WON'T BELIEVE: Headline Stories SHARE TO ALL GROUPS!,1,Synthetic_Fake_Augmented
List of Universities in Nigeria,0,PremiumTimes_Real
Arsenal crowned Premier League champions after Man City stumble at Bournemouth,0,PremiumTimes_Real
Financial Inclusion,0,PremiumTimes_Real
"CONFIRMED!!! ASPIRANTS REJECT RESULT OF APC PRIMARY IN EKITI, DEMAND CANCELLATION SHARE TO ALL GROUPS!",1,Synthetic_Fake_Augmented
Online Kaszinó Magyar,0,PremiumTimes_Real
"Ex-humanitarian minister fails to appear for arraignment on fraud charges, despite arrest warrant",0,PremiumTimes_Real
URGENT SHARE NOW: Read moreDetails DON'T IGNORE THIS!,1,Synthetic_Fake_Augmented
BREAKING NEWS: SPECIAL REPORT: Nigeria’s maritime university upgrade stalls as billions flow into repealed academy DON'T IGNORE THIS!,1,Synthetic_Fake_Augmented
YOU WON'T BELIEVE: READ MOREDETAILS FORWARD IMMEDIATELY!,1,Synthetic_Fake_Augmented
FINAL WARNING: MARIYA SHUAIBU SULEIMAN DON'T IGNORE THIS!,1,Synthetic_Fake_Augmented
Read moreDetails,0,PremiumTimes_Real
Special Reports and Investigations,0,PremiumTimes_Real
INVESTIGATION: Inside Nigerian communities where children are forced into marriage (1),0,PremiumTimes_Real
Read moreDetails,0,PremiumTimes_Real
BREAKING NEWS: Blood on Uniforms !!!,1,Synthetic_Fake_Augmented
"Inside the informant networks undermining Nigeria’s anti-banditry campaign, By Samuel Aruwan",0,PremiumTimes_Real
"Candidate selection or civilian coup?, By Dakuku Peterside",0,PremiumTimes_Real
SPECIAL REPORT: Nigeria’s maritime university upgrade stalls as billions flow into repealed academy,0,PremiumTimes_Real
"Sowore refuses to enter defence in cyber-bullying trial, writes Chief Judge for case transfer",0,PremiumTimes_Real
Resource Curse? The only school in this Akwa Ibom oil community lies in ruins,0,PremiumTimes_Real
CONFIRMED!!! Business Specials SHARE TO ALL GROUPS!,1,Synthetic_Fake_Augmented
URGENT SHARE NOW: Read moreDetails !!!,1,Synthetic_Fake_Augmented
BREAKING NEWS: Primary Health Tracker ???,1,Synthetic_Fake_Augmented
"11 years ago, Desmond Elliot swapped costumes for gavel, now he faces tough survival battle",0,PremiumTimes_Real
BREAKING NEWS: #ENDSARS DASHBOARD !!!,1,Synthetic_Fake_Augmented
House of Assembly member wins APC ticket in Abia South District,0,PremiumTimes_Real
URGENT SHARE NOW: Resource Curse? The only school in this Akwa Ibom oil community lies in ruins DON'T IGNORE THIS!,1,Synthetic_Fake_Augmented
SHOCKING!!! SPECIAL REPORTS/INVESTIGATIONS READ AND SHARE!,1,Synthetic_Fake_Augmented
SHOCKING!!! Blood on Uniforms FORWARD IMMEDIATELY!,1,Synthetic_Fake_Augmented
"The Premium Times, Nigeria",0,PremiumTimes_Real
Financial Inclusion,0,PremiumTimes_Real
CONFIRMED!!! LATE ARRIVAL OF OFFICIALS STALLS APC’S STATE ASSEMBLY PRIMARIES IN LAGOS FORWARD IMMEDIATELY!,1,Synthetic_Fake_Augmented
Business Specials,0,PremiumTimes_Real
Research & Innovation,0,PremiumTimes_Real
National Conference,0,PremiumTimes_Real
"CONFIRMED!!! South Africa doesn’t have a leadership crisis: It has a humanity crisis, By Nqobile Pamela Xaba SHARE TO ALL GROUPS!",1,Synthetic_Fake_Augmented
Read moreDetails,0,PremiumTimes_Real
SHOCKING!!! PRIMARY HEALTH TRACKER READ AND SHARE!,1,Synthetic_Fake_Augmented
FINAL WARNING: OIL-WELL DISPUTE: INSIDE THE REPORT THAT RESTORES CROSS RIVER’S HOPE !!!,1,Synthetic_Fake_Augmented
"NDC as the new frontier of opposition, By Majeed Dahiru",0,PremiumTimes_Real
SHOCKING!!! Oil-well Dispute: Inside the report that restores Cross River’s hope SHARE TO ALL GROUPS!,1,Synthetic_Fake_Augmented
Special Reports/Investigations,0,PremiumTimes_Real
URGENT SHARE NOW: Court strikes out deceased deputy governor’s suit DON'T IGNORE THIS!,1,Synthetic_Fake_Augmented
Headline Stories,0,PremiumTimes_Real
Presidential & NASS,0,PremiumTimes_Real
SHOCKING!!! Headline Stories !!!,1,Synthetic_Fake_Augmented
"Facing EFCC trial, ex-Gov Yahaya Bello wins APC senatorial primary",0,PremiumTimes_Real
SHOCKING!!! 2027: APC appeal committee receives 5 petitions on Delta NASS primaries ???,1,Synthetic_Fake_Augmented
More Sports News,0,PremiumTimes_Real
"NDC as the new frontier of opposition, By Majeed Dahiru",0,PremiumTimes_Real
"URGENT SHARE NOW: SOUTH AFRICA DOESN’T HAVE A LEADERSHIP CRISIS: IT HAS A HUMANITY CRISIS, BY NQOBILE PAMELA XABA READ AND SHARE!",1,Synthetic_Fake_Augmented
Resource Curse? The only school in this Akwa Ibom oil community lies in ruins,0,PremiumTimes_Real
"FINAL WARNING: NDC AS THE NEW FRONTIER OF OPPOSITION, BY MAJEED DAHIRU SHARE TO ALL GROUPS!",1,Synthetic_Fake_Augmented
BREAKING NEWS: NON GAMSTOP CASINOS FORWARD IMMEDIATELY!,1,Synthetic_Fake_Augmented
Doctors suspend strike in Akwa Ibom after EFCC chair’s apology,0,PremiumTimes_Real
"Inside the informant networks undermining Nigeria’s anti-banditry campaign, By Samuel Aruwan",0,PremiumTimes_Real
SHOCKING!!! Primary Health Tracker ???,1,Synthetic_Fake_Augmented
FINAL WARNING: 2024 Edo Governorship Election DON'T IGNORE THIS!,1,Synthetic_Fake_Augmented
SHOCKING!!! ABUBAKAR AHMADU MAISHANU DON'T IGNORE THIS!,1,Synthetic_Fake_Augmented
Oil-well Dispute: Inside the report that restores Cross River’s hope,0,PremiumTimes_Real
Business Specials,0,PremiumTimes_Real
Why I supported Lagos Speaker Obasa’s removal — Desmond Elliott,0,PremiumTimes_Real
SHOCKING!!! SPECIAL REPORT: NIGERIA’S MARITIME UNIVERSITY UPGRADE STALLS AS BILLIONS FLOW INTO REPEALED ACADEMY !!!,1,Synthetic_Fake_Augmented
"URGENT SHARE NOW: GOWON MEMOIR: JONATHAN, SULTAN, RALLY NIGERIANS TO PRESERVE HISTORY SHARE TO ALL GROUPS!",1,Synthetic_Fake_Augmented
CONFIRMED!!! Parliament Watch FORWARD IMMEDIATELY!,1,Synthetic_Fake_Augmented
The Membership Club,0,PremiumTimes_Real
non Gamstop casinos,0,PremiumTimes_Real
Research & Innovation,0,PremiumTimes_Real
YOU WON'T BELIEVE: Fiscal Breach Uncovered: How Imo under Uzodinma spent N101.5 billion in unapproved funds ???,1,Synthetic_Fake_Augmented
APC Primaries: Abiru secures Lagos East ticket unopposed for third term,0,PremiumTimes_Real
"The Premium Times, Nigeria",0,PremiumTimes_Real
"URGENT SHARE NOW: SOUTH AFRICA DOESN’T HAVE A LEADERSHIP CRISIS: IT HAS A HUMANITY CRISIS, BY NQOBILE PAMELA XABA ???",1,Synthetic_Fake_Augmented
"CONFIRMED!!! CJID, EU LAUNCH INITIATIVE TO FIGHT DISINFORMATION, STRENGTHEN DEMOCRATIC RESILIENCE IN NORTH-WEST NIGERIA DON'T IGNORE THIS!",1,Synthetic_Fake_Augmented
APC revises list of disqualified senatorial aspirants,0,PremiumTimes_Real
BREAKING NEWS: COURT STRIKES OUT DECEASED DEPUTY GOVERNOR’S SUIT DON'T IGNORE THIS!,1,Synthetic_Fake_Augmented
BREAKING NEWS: SPECIAL REPORT: HOW FAMILIES COPED WITH 10-YEAR CLOSURE OF 23 SCHOOLS IN OYO FORWARD IMMEDIATELY!,1,Synthetic_Fake_Augmented
"South Africa doesn’t have a leadership crisis: It has a humanity crisis, By Nqobile Pamela Xaba",0,PremiumTimes_Real
LIST: Federal Unity Colleges in Nigeria,0,PremiumTimes_Real
non Gamstop casinos,0,PremiumTimes_Real
Read moreDetails,0,PremiumTimes_Real
SHOCKING!!! Abdulkareem Haruna !!!,1,Synthetic_Fake_Augmented
SHOCKING!!! Headline Stories DON'T IGNORE THIS!,1,Synthetic_Fake_Augmented
Онлайн казино Казахстан,0,PremiumTimes_Real
Read moreDetails,0,PremiumTimes_Real
SHOCKING!!! WHY I SUPPORTED LAGOS SPEAKER OBASA’S REMOVAL — DESMOND ELLIOTT FORWARD IMMEDIATELY!,1,Synthetic_Fake_Augmented
CONFIRMED!!! READ MOREDETAILS READ AND SHARE!,1,Synthetic_Fake_Augmented
Read moreDetails,0,PremiumTimes_Real
"NDC as the new frontier of opposition, By Majeed Dahiru",0,PremiumTimes_Real
Parliament Watch,0,PremiumTimes_Real
SHOCKING!!! #EndSARS Dashboard ???,1,Synthetic_Fake_Augmented
BREAKING NEWS: PARLIAMENT WATCH ???,1,Synthetic_Fake_Augmented
FINAL WARNING: Gubernatorial & State House !!!,1,Synthetic_Fake_Augmented
FINAL WARNING: Read moreDetails DON'T IGNORE THIS!,1,Synthetic_Fake_Augmented
CONFIRMED!!! Financial Inclusion !!!,1,Synthetic_Fake_Augmented
"SHOCKING!!! SOWORE REFUSES TO ENTER DEFENCE IN CYBER-BULLYING TRIAL, WRITES CHIEF JUDGE FOR CASE TRANSFER !!!",1,Synthetic_Fake_Augmented
Online Kaszinó Magyar,0,PremiumTimes_Real
Financial Inclusion,0,PremiumTimes_Real
Business Specials,0,PremiumTimes_Real
Special Reports and Investigations,0,PremiumTimes_Real
#EndSARS Dashboard,0,PremiumTimes_Real
SHOCKING!!! Online Kaszinó Magyar ???,1,Synthetic_Fake_Augmented
"INVESTIGATION: The illegal timber trade fuelling terrorism in North-central Nigeria, Benin",0,PremiumTimes_Real
"Content monetisation: The internet is rewarding harm, and women are paying the price, By Chioma Agwuegbo",0,PremiumTimes_Real
"Candidate selection or civilian coup?, By Dakuku Peterside",0,PremiumTimes_Real
"South Africa doesn’t have a leadership crisis: It has a humanity crisis, By Nqobile Pamela Xaba",0,PremiumTimes_Real
2024 Ondo Governorship Election,0,PremiumTimes_Real
Special Reports/Investigations,0,PremiumTimes_Real
Special Reports/Investigations,0,PremiumTimes_Real
BREAKING NEWS: READ MOREDETAILS ???,1,Synthetic_Fake_Augmented
FINAL WARNING: Arsenal crowned Premier League champions after Man City stumble at Bournemouth FORWARD IMMEDIATELY!,1,Synthetic_Fake_Augmented
Data & Infographics,0,PremiumTimes_Real
Read moreDetails,0,PremiumTimes_Real
"CONFIRMED!!! The Premium Times, Nigeria ???",1,Synthetic_Fake_Augmented
CONFIRMED!!! SPECIAL REPORTS AND INVESTIGATIONS READ AND SHARE!,1,Synthetic_Fake_Augmented
YOU WON'T BELIEVE: Read moreDetails DON'T IGNORE THIS!,1,Synthetic_Fake_Augmented
"Chelle picks Osimhen, Lookman for Portugal, Poland friendlies, names seven NPFL stars for Unity Cup",0,PremiumTimes_Real
Online Kaszinó Magyar,0,PremiumTimes_Real
"FINAL WARNING: Inside the informant networks undermining Nigeria’s anti-banditry campaign, By Samuel Aruwan !!!",1,Synthetic_Fake_Augmented
"BREAKING NEWS: Chelle picks Osimhen, Lookman for Portugal, Poland friendlies, names seven NPFL stars for Unity Cup FORWARD IMMEDIATELY!",1,Synthetic_Fake_Augmented
Read moreDetails,0,PremiumTimes_Real
"BREAKING NEWS: JUST IN: PANTAMI WITHDRAWS FROM GOMBE APC GOVERNORSHIP PRIMARIES, GIVES REASONS SHARE TO ALL GROUPS!",1,Synthetic_Fake_Augmented
Resource Curse? The only school in this Akwa Ibom oil community lies in ruins,0,PremiumTimes_Real
"PenCom, NLC move against pension non-remittance by employers",0,PremiumTimes_Real
Fiscal Breach Uncovered: How Imo under Uzodinma spent N101.5 billion in unapproved funds,0,PremiumTimes_Real
BREAKING NEWS: INVESTIGATION: INSIDE NIGERIAN COMMUNITIES WHERE CHILDREN ARE FORCED INTO MARRIAGE (1) FORWARD IMMEDIATELY!,1,Synthetic_Fake_Augmented
"YOU WON'T BELIEVE: EID AND THE EPIDEMIC OF EMPTY POCKETS, BY REUBEN ABATI READ AND SHARE!",1,Synthetic_Fake_Augmented
"FINAL WARNING: GOWON’S AUTOBIOGRAPHY: T.Y. DANJUMA DONATES N3BN, DANGOTE N500M READ AND SHARE!",1,Synthetic_Fake_Augmented
Business Specials,0,PremiumTimes_Real
2024 Edo Governorship Election,0,PremiumTimes_Real
BREAKING NEWS: Why I finally wrote my memoir after 60 years – Gowon SHARE TO ALL GROUPS!,1,Synthetic_Fake_Augmented
"CONFIRMED!!! EID AND THE EPIDEMIC OF EMPTY POCKETS, BY REUBEN ABATI ???",1,Synthetic_Fake_Augmented
Headline Stories,0,PremiumTimes_Real
BREAKING NEWS: LIST: FEDERAL UNITY COLLEGES IN NIGERIA DON'T IGNORE THIS!,1,Synthetic_Fake_Augmented
FINAL WARNING: Headline Stories !!!,1,Synthetic_Fake_Augmented
Blood on Uniforms,0,PremiumTimes_Real
SHOCKING!!! Financial Inclusion FORWARD IMMEDIATELY!,1,Synthetic_Fake_Augmented
"BREAKING NEWS: Content monetisation: The internet is rewarding harm, and women are paying the price, By Chioma Agwuegbo SHARE TO ALL GROUPS!",1,Synthetic_Fake_Augmented
Financial Inclusion,0,PremiumTimes_Real
FINAL WARNING: KUKAH RECOUNTS GOWON’S POST-EXILE LIFE AFTER OUSTER FROM POWER READ AND SHARE!,1,Synthetic_Fake_Augmented
SHOCKING!!! READ MOREDETAILS DON'T IGNORE THIS!,1,Synthetic_Fake_Augmented
CONFIRMED!!! Resource Curse? The only school in this Akwa Ibom oil community lies in ruins READ AND SHARE!,1,Synthetic_Fake_Augmented
"SHOCKING!!! Kano teacher remanded, school shut over alleged sexual abuse of pupils ???",1,Synthetic_Fake_Augmented
"NHRC records 266,787 human rights complaints in April, as reported violations surge",0,PremiumTimes_Real
"The Premium Times, Nigeria",0,PremiumTimes_Real
"YOU WON'T BELIEVE: INSIDE THE INFORMANT NETWORKS UNDERMINING NIGERIA’S ANTI-BANDITRY CAMPAIGN, BY SAMUEL ARUWAN READ AND SHARE!",1,Synthetic_Fake_Augmented
SHOCKING!!! Special Reports/Investigations READ AND SHARE!,1,Synthetic_Fake_Augmented
Headline Stories,0,PremiumTimes_Real
CONFIRMED!!! READ MOREDETAILS !!!,1,Synthetic_Fake_Augmented
FINAL WARNING: NON GAMSTOP CASINOS DON'T IGNORE THIS!,1,Synthetic_Fake_Augmented
YOU WON'T BELIEVE: LIST OF UNIVERSITIES IN NIGERIA SHARE TO ALL GROUPS!,1,Synthetic_Fake_Augmented
More Sports News,0,PremiumTimes_Real
CONFIRMED!!! Read moreDetails ???,1,Synthetic_Fake_Augmented
BREAKING NEWS: NATIONAL CONFERENCE SHARE TO ALL GROUPS!,1,Synthetic_Fake_Augmented
CONFIRMED!!! The Membership Club FORWARD IMMEDIATELY!,1,Synthetic_Fake_Augmented
Read moreDetails,0,PremiumTimes_Real
Court strikes out deceased deputy governor’s suit,0,PremiumTimes_Real
CONFIRMED!!! READ MOREDETAILS FORWARD IMMEDIATELY!,1,Synthetic_Fake_Augmented
CONFIRMED!!! Plateau APC primaries sweep out six federal lawmakers !!!,1,Synthetic_Fake_Augmented
Read moreDetails,0,PremiumTimes_Real
Can NDC zoning presidency to South affect Tinubu’s re-election bid?,0,PremiumTimes_Real
Read moreDetails,0,PremiumTimes_Real
SHOCKING!!! ОНЛАЙН КАЗИНО КАЗАХСТАН ???,1,Synthetic_Fake_Augmented
Mariya Shuaibu Suleiman,0,PremiumTimes_Real
FINAL WARNING: Analysis and Data SHARE TO ALL GROUPS!,1,Synthetic_Fake_Augmented
CONFIRMED!!! SPECIAL REPORT: HOW FAMILIES COPED WITH 10-YEAR CLOSURE OF 23 SCHOOLS IN OYO DON'T IGNORE THIS!,1,Synthetic_Fake_Augmented
Read moreDetails,0,PremiumTimes_Real
Features and Interviews,0,PremiumTimes_Real
Special Reports/Investigations,0,PremiumTimes_Real
Read moreDetails,0,PremiumTimes_Real
SHOCKING!!! Read moreDetails ???,1,Synthetic_Fake_Augmented
"Inside the informant networks undermining Nigeria’s anti-banditry campaign, By Samuel Aruwan",0,PremiumTimes_Real
YOU WON'T BELIEVE: Online Kaszinó Magyar READ AND SHARE!,1,Synthetic_Fake_Augmented
CONFIRMED!!! RESOURCE CURSE? THE ONLY SCHOOL IN THIS AKWA IBOM OIL COMMUNITY LIES IN RUINS DON'T IGNORE THIS!,1,Synthetic_Fake_Augmented
YOU WON'T BELIEVE: INVESTIGATION: Inside Nigerian communities where children are forced into marriage (1) FORWARD IMMEDIATELY!,1,Synthetic_Fake_Augmented
BREAKING NEWS: Blood on Uniforms DON'T IGNORE THIS!,1,Synthetic_Fake_Augmented
Modern Slavery: Inside Nigerian communities where children are sold into marriage (II),0,PremiumTimes_Real
The Membership Club,0,PremiumTimes_Real
EXCLUSIVE: Why Tinubu fired Wale Edun as finance minister,0,PremiumTimes_Real
Human Trafficking Investigation,0,PremiumTimes_Real
SHOCKING!!! #EndSARS Dashboard DON'T IGNORE THIS!,1,Synthetic_Fake_Augmented
Read moreDetails,0,PremiumTimes_Real
Data & Infographics,0,PremiumTimes_Real
CONFIRMED!!! non Gamstop casinos ???,1,Synthetic_Fake_Augmented
SHOCKING!!! READ MOREDETAILS DON'T IGNORE THIS!,1,Synthetic_Fake_Augmented
Oron elders decry failed take-off of maritime university four years after establishment,0,PremiumTimes_Real
Our Digital Network,0,PremiumTimes_Real
URGENT SHARE NOW: PANAMA PAPERS GAME !!!,1,Synthetic_Fake_Augmented
FINAL WARNING: Forgotten Password? SHARE TO ALL GROUPS!,1,Synthetic_Fake_Augmented
CONFIRMED!!! #ENDSARS DASHBOARD !!!,1,Synthetic_Fake_Augmented
Read moreDetails,0,PremiumTimes_Real
Read moreDetails,0,PremiumTimes_Real
Nigeria’s Federal/States’ Budgets since 2005,0,PremiumTimes_Real
"EU, UNODC, ECOWAS back Nigeria’s 2026-2030 drug control plan",0,PremiumTimes_Real
Data & Infographics,0,PremiumTimes_Real
"FINAL WARNING: EID AND THE EPIDEMIC OF EMPTY POCKETS, BY REUBEN ABATI READ AND SHARE!",1,Synthetic_Fake_Augmented
"FINAL WARNING: CHELLE PICKS OSIMHEN, LOOKMAN FOR PORTUGAL, POLAND FRIENDLIES, NAMES SEVEN NPFL STARS FOR UNITY CUP READ AND SHARE!",1,Synthetic_Fake_Augmented
Special Reports/Investigations,0,PremiumTimes_Real
FINAL WARNING: Read moreDetails ???,1,Synthetic_Fake_Augmented
BREAKING NEWS: HOW SOME PEOPLE CLAIMED I PLANNED TO KILL TINUBU TO TAKE OVER POWER – VP SHETTIMA SHARE TO ALL GROUPS!,1,Synthetic_Fake_Augmented
Geriausi kazino internetu,0,PremiumTimes_Real
"BREAKING NEWS: NDC AS THE NEW FRONTIER OF OPPOSITION, BY MAJEED DAHIRU !!!",1,Synthetic_Fake_Augmented
Parliament Watch,0,PremiumTimes_Real
FINAL WARNING: Lecturers at University of Cross River begin indefinite strike DON'T IGNORE THIS!,1,Synthetic_Fake_Augmented
YOU WON'T BELIEVE: 2024 Ondo Governorship Election READ AND SHARE!,1,Synthetic_Fake_Augmented
FINAL WARNING: Headline Stories SHARE TO ALL GROUPS!,1,Synthetic_Fake_Augmented
Data and Infographics,0,PremiumTimes_Real
Special Reports and Investigations,0,PremiumTimes_Real
YOU WON'T BELIEVE: 2024 Ondo Governorship Election DON'T IGNORE THIS!,1,Synthetic_Fake_Augmented
"Content monetisation: The internet is rewarding harm, and women are paying the price, By Chioma Agwuegbo",0,PremiumTimes_Real
YOU WON'T BELIEVE: Data & Infographics DON'T IGNORE THIS!,1,Synthetic_Fake_Augmented
BREAKING NEWS: Special Reports and Investigations ???,1,Synthetic_Fake_Augmented
FINAL WARNING: Resource Curse? The only school in this Akwa Ibom oil community lies in ruins ???,1,Synthetic_Fake_Augmented
URGENT SHARE NOW: ОНЛАЙН КАЗИНО КАЗАХСТАН DON'T IGNORE THIS!,1,Synthetic_Fake_Augmented
"NDC as the new frontier of opposition, By Majeed Dahiru",0,PremiumTimes_Real
Parliament Watch,0,PremiumTimes_Real
#EndSARS Dashboard,0,PremiumTimes_Real
More Sports News,0,PremiumTimes_Real
Centre for Investigative Journalism,0,PremiumTimes_Real
SHOCKING!!! Financial Inclusion DON'T IGNORE THIS!,1,Synthetic_Fake_Augmented
Read moreDetails,0,PremiumTimes_Real
Financial Inclusion,0,PremiumTimes_Real
"YOU WON'T BELIEVE: NDC as the new frontier of opposition, By Majeed Dahiru SHARE TO ALL GROUPS!",1,Synthetic_Fake_Augmented
SHOCKING!!! How some people claimed I planned to kill Tinubu to take over power – VP Shettima FORWARD IMMEDIATELY!,1,Synthetic_Fake_Augmented
URGENT SHARE NOW: NYSC Orientation Camps in Nigeria READ AND SHARE!,1,Synthetic_Fake_Augmented
EXCLUSIVE: Why Tinubu fired Wale Edun as finance minister,0,PremiumTimes_Real
‘Tali Shani’ passport used in Mike Ozekhome’s London property case was forged – Witness,0,PremiumTimes_Real
BREAKING NEWS: Arsenal crowned Premier League champions after Man City stumble at Bournemouth SHARE TO ALL GROUPS!,1,Synthetic_Fake_Augmented
URGENT SHARE NOW: HEADLINE STORIES READ AND SHARE!,1,Synthetic_Fake_Augmented
Headline Stories,0,PremiumTimes_Real
Press Attack Tracker,0,PremiumTimes_Real
URGENT SHARE NOW: HEADLINE STORIES READ AND SHARE!,1,Synthetic_Fake_Augmented
Manasseh Mbachii,0,PremiumTimes_Real
Human Trafficking Investigation,0,PremiumTimes_Real
Features and Interviews,0,PremiumTimes_Real
"INVESTIGATION: The illegal timber trade fuelling terrorism in North-central Nigeria, Benin",0,PremiumTimes_Real
"Family protest over El-Rufai’s detention by SSS, healthcare access, ICPC speaks",0,PremiumTimes_Real
FINAL WARNING: READ MOREDETAILS !!!,1,Synthetic_Fake_Augmented
Read moreDetails,0,PremiumTimes_Real
Read moreDetails,0,PremiumTimes_Real
URGENT SHARE NOW: SPECIAL REPORT: HOW FAMILIES COPED WITH 10-YEAR CLOSURE OF 23 SCHOOLS IN OYO !!!,1,Synthetic_Fake_Augmented
FINAL WARNING: Resource Curse? The only school in this Akwa Ibom oil community lies in ruins FORWARD IMMEDIATELY!,1,Synthetic_Fake_Augmented
FINAL WARNING: Онлайн казино Казахстан SHARE TO ALL GROUPS!,1,Synthetic_Fake_Augmented
URGENT SHARE NOW: Fiscal Breach Uncovered: How Imo under Uzodinma spent N101.5 billion in unapproved funds DON'T IGNORE THIS!,1,Synthetic_Fake_Augmented
Special Reports and Investigations,0,PremiumTimes_Real
Nigeria’s Federal/States’ Budgets since 2005,0,PremiumTimes_Real
Primary Health Tracker,0,PremiumTimes_Real
APC primaries sweep out over 50 reps ahead of 2027 elections,0,PremiumTimes_Real
"URGENT SHARE NOW: Content monetisation: The internet is rewarding harm, and women are paying the price, By Chioma Agwuegbo READ AND SHARE!",1,Synthetic_Fake_Augmented
YOU WON'T BELIEVE: MODERN SLAVERY: INSIDE NIGERIAN COMMUNITIES WHERE CHILDREN ARE SOLD INTO MARRIAGE (II) !!!,1,Synthetic_Fake_Augmented
FINAL WARNING: SPECIAL REPORT: HOW FAMILIES COPED WITH 10-YEAR CLOSURE OF 23 SCHOOLS IN OYO FORWARD IMMEDIATELY!,1,Synthetic_Fake_Augmented
"BREAKING NEWS: SOWORE REFUSES TO ENTER DEFENCE IN CYBER-BULLYING TRIAL, WRITES CHIEF JUDGE FOR CASE TRANSFER FORWARD IMMEDIATELY!",1,Synthetic_Fake_Augmented
"CONFIRMED!!! Gowon’s Autobiography: T.Y. Danjuma donates N3bn, Dangote N500m FORWARD IMMEDIATELY!",1,Synthetic_Fake_Augmented
non Gamstop casinos,0,PremiumTimes_Real
More Sports News,0,PremiumTimes_Real
Headline Stories,0,PremiumTimes_Real
SHOCKING!!! #ENDSARS DASHBOARD ???,1,Synthetic_Fake_Augmented
FINAL WARNING: Special Reports/Investigations DON'T IGNORE THIS!,1,Synthetic_Fake_Augmented
"Enugu, Chinese firm launch digital training for students",0,PremiumTimes_Real
CONFIRMED!!! DATA & INFOGRAPHICS SHARE TO ALL GROUPS!,1,Synthetic_Fake_Augmented
Data & Infographics,0,PremiumTimes_Real
YOU WON'T BELIEVE: OIL-WELL DISPUTE: INSIDE THE REPORT THAT RESTORES CROSS RIVER’S HOPE !!!,1,Synthetic_Fake_Augmented
FINAL WARNING: Headline Stories !!!,1,Synthetic_Fake_Augmented
Online Kaszinó Magyar,0,PremiumTimes_Real
BREAKING NEWS: ABDULRAZAQ ENDORSES GOVERNORSHIP ASPIRANT AMID KWARA APC TENSIONS !!!,1,Synthetic_Fake_Augmented
URGENT SHARE NOW: 2027: APC appeal committee receives 5 petitions on Delta NASS primaries DON'T IGNORE THIS!,1,Synthetic_Fake_Augmented
"Eid and the epidemic of empty pockets, By Reuben Abati",0,PremiumTimes_Real
"AFCON 2027 Qualifiers: Nigeria to battle Madagascar, Guinea-Bissau for ticket",0,PremiumTimes_Real
URGENT SHARE NOW: 2024 Edo Governorship Election SHARE TO ALL GROUPS!,1,Synthetic_Fake_Augmented
Abubakar Ahmadu Maishanu,0,PremiumTimes_Real
EXCLUSIVE: Why Tinubu fired Wale Edun as finance minister,0,PremiumTimes_Real
SHOCKING!!! Mariya Shuaibu Suleiman ???,1,Synthetic_Fake_Augmented
Kukah recounts Gowon’s post-exile life after ouster from power,0,PremiumTimes_Real
"CONFIRMED!!! CANDIDATE SELECTION OR CIVILIAN COUP?, BY DAKUKU PETERSIDE !!!",1,Synthetic_Fake_Augmented
Read moreDetails,0,PremiumTimes_Real
Gubernatorial & State House,0,PremiumTimes_Real
EFCC apologises to doctors over Uyo hospital incident,0,PremiumTimes_Real
"BREAKING NEWS: INVESTIGATION: THE ILLEGAL TIMBER TRADE FUELLING TERRORISM IN NORTH-CENTRAL NIGERIA, BENIN DON'T IGNORE THIS!",1,Synthetic_Fake_Augmented
Analysis and Data,0,PremiumTimes_Real
"CONFIRMED!!! FAAN ANNOUNCES ADDITIONAL HEALTH SCREENING MEASURES, ENHANCED EBOLA SURVEILLANCE AT NIGERIAN AIRPORTS SHARE TO ALL GROUPS!",1,Synthetic_Fake_Augmented
FINAL WARNING: HEADLINE STORIES READ AND SHARE!,1,Synthetic_Fake_Augmented
URGENT SHARE NOW: FISCAL BREACH UNCOVERED: HOW IMO UNDER UZODINMA SPENT N101.5 BILLION IN UNAPPROVED FUNDS ???,1,Synthetic_Fake_Augmented
BREAKING NEWS: Analysis and Data !!!,1,Synthetic_Fake_Augmented
"JUST IN: Pantami withdraws from Gombe APC governorship primaries, gives reasons",0,PremiumTimes_Real
BREAKING NEWS: LECTURERS AT UNIVERSITY OF CROSS RIVER BEGIN INDEFINITE STRIKE !!!,1,Synthetic_Fake_Augmented
"YOU WON'T BELIEVE: Content monetisation: The internet is rewarding harm, and women are paying the price, By Chioma Agwuegbo READ AND SHARE!",1,Synthetic_Fake_Augmented
FINAL WARNING: Analysis and Data ???,1,Synthetic_Fake_Augmented
Research & Innovation,0,PremiumTimes_Real
The Membership Club,0,PremiumTimes_Real
"2027: Despite forgery scandal, Wike’s PDP faction clears ex-Minister Uche Nnaji",0,PremiumTimes_Real
FINAL WARNING: Online Kaszinó Magyar DON'T IGNORE THIS!,1,Synthetic_Fake_Augmented
SHOCKING!!! ОНЛАЙН КАЗИНО КАЗАХСТАН FORWARD IMMEDIATELY!,1,Synthetic_Fake_Augmented
Онлайн казино Казахстан,0,PremiumTimes_Real
Ondo govt closes schools for APC assembly primaries after Monday’s violence,0,PremiumTimes_Real
"URGENT SHARE NOW: Content monetisation: The internet is rewarding harm, and women are paying the price, By Chioma Agwuegbo FORWARD IMMEDIATELY!",1,Synthetic_Fake_Augmented
CONFIRMED!!! #ENDSARS DASHBOARD SHARE TO ALL GROUPS!,1,Synthetic_Fake_Augmented
2024 Ondo Governorship Election,0,PremiumTimes_Real
Financial Inclusion,0,PremiumTimes_Real
"BREAKING NEWS: CANDIDATE SELECTION OR CIVILIAN COUP?, BY DAKUKU PETERSIDE SHARE TO ALL GROUPS!",1,Synthetic_Fake_Augmented
DOWNLOAD: SSS operatives’ N100 million defamation judgement against SERAP,0,PremiumTimes_Real
"Content monetisation: The internet is rewarding harm, and women are paying the price, By Chioma Agwuegbo",0,PremiumTimes_Real
Special Reports/Investigations,0,PremiumTimes_Real
Late arrival of officials stalls APC’s state assembly primaries in Lagos,0,PremiumTimes_Real
YOU WON'T BELIEVE: Read moreDetails READ AND SHARE!,1,Synthetic_Fake_Augmented
YOU WON'T BELIEVE: Онлайн казино Казахстан SHARE TO ALL GROUPS!,1,Synthetic_Fake_Augmented
Headline Stories,0,PremiumTimes_Real
"Eid and the epidemic of empty pockets, By Reuben Abati",0,PremiumTimes_Real
Business Specials,0,PremiumTimes_Real
Data & Infographics,0,PremiumTimes_Real
SHOCKING!!! Read moreDetails READ AND SHARE!,1,Synthetic_Fake_Augmented
FINAL WARNING: Abubakar Ahmadu Maishanu ???,1,Synthetic_Fake_Augmented
URGENT SHARE NOW: FALANA PETITIONS AFRICAN COMMISSION OVER XENOPHOBIA ATTACKS IN SOUTH AFRICA !!!,1,Synthetic_Fake_Augmented
"INVESTIGATION: The illegal timber trade fuelling terrorism in North-central Nigeria, Benin",0,PremiumTimes_Real
"Chelle picks Osimhen, Lookman for Portugal, Poland friendlies, names seven NPFL stars for Unity Cup",0,PremiumTimes_Real
Malabu Scandal Thread,0,PremiumTimes_Real
non Gamstop casinos,0,PremiumTimes_Real
YOU WON'T BELIEVE: Read moreDetails SHARE TO ALL GROUPS!,1,Synthetic_Fake_Augmented
Онлайн казино Казахстан,0,PremiumTimes_Real
"URGENT SHARE NOW: CANDIDATE SELECTION OR CIVILIAN COUP?, BY DAKUKU PETERSIDE ???",1,Synthetic_Fake_Augmented
FINAL WARNING: SPECIAL REPORTS/INVESTIGATIONS ???,1,Synthetic_Fake_Augmented
WHO warns global preparedness failing amid rising pandemic threats,0,PremiumTimes_Real
Court strikes out deceased deputy governor’s suit,0,PremiumTimes_Real
"BREAKING NEWS: INSIDE THE INFORMANT NETWORKS UNDERMINING NIGERIA’S ANTI-BANDITRY CAMPAIGN, BY SAMUEL ARUWAN DON'T IGNORE THIS!",1,Synthetic_Fake_Augmented
"Nigeria police busts trafficking syndicate, rescues 30 Malians, arrests 13 suspects",0,PremiumTimes_Real
Blood on Uniforms,0,PremiumTimes_Real
"Eid and the epidemic of empty pockets, By Reuben Abati",0,PremiumTimes_Real
"CONFIRMED!!! EID AND THE EPIDEMIC OF EMPTY POCKETS, BY REUBEN ABATI FORWARD IMMEDIATELY!",1,Synthetic_Fake_Augmented
BREAKING NEWS: BUSINESS SPECIALS SHARE TO ALL GROUPS!,1,Synthetic_Fake_Augmented
non Gamstop casinos,0,PremiumTimes_Real
Abdulqudus Ogundapo,0,PremiumTimes_Real
BREAKING NEWS: SPECIAL REPORTS/INVESTIGATIONS FORWARD IMMEDIATELY!,1,Synthetic_Fake_Augmented
"Oyo Mass Abduction: Makinde hints at negotiation with kidnappers, says 25 students, seven teachers abducted",0,PremiumTimes_Real
"URGENT SHARE NOW: INSIDE THE INFORMANT NETWORKS UNDERMINING NIGERIA’S ANTI-BANDITRY CAMPAIGN, BY SAMUEL ARUWAN FORWARD IMMEDIATELY!",1,Synthetic_Fake_Augmented
"SHOCKING!!! Gowon Memoir: Jonathan, Sultan, rally Nigerians to preserve history READ AND SHARE!",1,Synthetic_Fake_Augmented
"URGENT SHARE NOW: ASPIRANTS REJECT RESULT OF APC PRIMARY IN EKITI, DEMAND CANCELLATION ???",1,Synthetic_Fake_Augmented
CONFIRMED!!! BLOOD ON UNIFORMS ???,1,Synthetic_Fake_Augmented
Business Specials,0,PremiumTimes_Real
Late arrival of officials stalls APC’s state assembly primaries in Lagos,0,PremiumTimes_Real
YOU WON'T BELIEVE: READ MOREDETAILS DON'T IGNORE THIS!,1,Synthetic_Fake_Augmented
SHOCKING!!! LAWYERS CRITICAL TO ENDING CORRUPTION IN NIGERIA – NBA COMMITTEE SHARE TO ALL GROUPS!,1,Synthetic_Fake_Augmented
"WHO declares Ebola outbreak in DRC, Uganda global health emergency",0,PremiumTimes_Real
FINAL WARNING: non Gamstop casinos !!!,1,Synthetic_Fake_Augmented
"CONFIRMED!!! INVESTIGATION: The illegal timber trade fuelling terrorism in North-central Nigeria, Benin !!!",1,Synthetic_Fake_Augmented
BREAKING NEWS: GERIAUSI KAZINO INTERNETU FORWARD IMMEDIATELY!,1,Synthetic_Fake_Augmented
Online Kaszinó Magyar,0,PremiumTimes_Real
Centre for Investigative Journalism,0,PremiumTimes_Real
CONFIRMED!!! Geriausi kazino internetu SHARE TO ALL GROUPS!,1,Synthetic_Fake_Augmented
YOU WON'T BELIEVE: FISCAL BREACH UNCOVERED: HOW IMO UNDER UZODINMA SPENT N101.5 BILLION IN UNAPPROVED FUNDS SHARE TO ALL GROUPS!,1,Synthetic_Fake_Augmented
"SHOCKING!!! CONTENT MONETISATION: THE INTERNET IS REWARDING HARM, AND WOMEN ARE PAYING THE PRICE, BY CHIOMA AGWUEGBO FORWARD IMMEDIATELY!",1,Synthetic_Fake_Augmented
Abdulkareem Haruna,0,PremiumTimes_Real
FINAL WARNING: Read moreDetails SHARE TO ALL GROUPS!,1,Synthetic_Fake_Augmented
Read moreDetails,0,PremiumTimes_Real
SPECIAL REPORT: How families coped with 10-year closure of 23 schools in Oyo,0,PremiumTimes_Real
YOU WON'T BELIEVE: 2024 EDO GOVERNORSHIP ELECTION DON'T IGNORE THIS!,1,Synthetic_Fake_Augmented
"URGENT SHARE NOW: Chelle picks Osimhen, Lookman for Portugal, Poland friendlies, names seven NPFL stars for Unity Cup !!!",1,Synthetic_Fake_Augmented
Modern Slavery: Inside Nigerian communities where children are sold into marriage (II),0,PremiumTimes_Real
Our Digital Network,0,PremiumTimes_Real
CONFIRMED!!! MODERN SLAVERY: INSIDE NIGERIAN COMMUNITIES WHERE CHILDREN ARE SOLD INTO MARRIAGE (II) ???,1,Synthetic_Fake_Augmented
INVESTIGATION: Inside Nigerian communities where children are forced into marriage (1),0,PremiumTimes_Real
SHOCKING!!! Features and Interviews DON'T IGNORE THIS!,1,Synthetic_Fake_Augmented
Read moreDetails,0,PremiumTimes_Real
"Eid and the epidemic of empty pockets, By Reuben Abati",0,PremiumTimes_Real
Abdulqudus Ogundapo,0,PremiumTimes_Real
Nigeria intensifies surveillance as Ebola outbreak spreads in Central Africa – NCDC,0,PremiumTimes_Real
2024 Edo Governorship Election,0,PremiumTimes_Real
Jury begins deliberation in Diezani Alison-Madueke’s bribery trial,0,PremiumTimes_Real
Parliament Watch,0,PremiumTimes_Real
Онлайн казино Казахстан,0,PremiumTimes_Real
"Chelle picks Osimhen, Lookman for Portugal, Poland friendlies, names seven NPFL stars for Unity Cup",0,PremiumTimes_Real
Business Specials,0,PremiumTimes_Real
"CONFIRMED!!! INSIDE THE INFORMANT NETWORKS UNDERMINING NIGERIA’S ANTI-BANDITRY CAMPAIGN, BY SAMUEL ARUWAN !!!",1,Synthetic_Fake_Augmented
Headline Stories,0,PremiumTimes_Real
"NDC as the new frontier of opposition, By Majeed Dahiru",0,PremiumTimes_Real
Online Kaszinó Magyar,0,PremiumTimes_Real
FINAL WARNING: MORE SPORTS NEWS SHARE TO ALL GROUPS!,1,Synthetic_Fake_Augmented
Special Reports/Investigations,0,PremiumTimes_Real
CONFIRMED!!! Read moreDetails ???,1,Synthetic_Fake_Augmented
URGENT SHARE NOW: Special Reports and Investigations READ AND SHARE!,1,Synthetic_Fake_Augmented
YOU WON'T BELIEVE: DRC-Uganda Ebola emergency followed IHR procedures — WHO DON'T IGNORE THIS!,1,Synthetic_Fake_Augmented
Modern Slavery: Inside Nigerian communities where children are sold into marriage (II),0,PremiumTimes_Real
YOU WON'T BELIEVE: SPECIAL REPORT: NIGERIA’S MARITIME UNIVERSITY UPGRADE STALLS AS BILLIONS FLOW INTO REPEALED ACADEMY SHARE TO ALL GROUPS!,1,Synthetic_Fake_Augmented
LIST: Federal Unity Colleges in Nigeria,0,PremiumTimes_Real
FINAL WARNING: Features and Interviews SHARE TO ALL GROUPS!,1,Synthetic_Fake_Augmented
Press Attack Tracker,0,PremiumTimes_Real
YOU WON'T BELIEVE: ANOTHER FORMER MINISTER BOYCOTTS GOMBE APC GOVERNORSHIP PRIMARY FORWARD IMMEDIATELY!,1,Synthetic_Fake_Augmented
"Dangote refinery cuts aviation fuel price to N1,650",0,PremiumTimes_Real
BREAKING NEWS: SPECIAL REPORT: How families coped with 10-year closure of 23 schools in Oyo READ AND SHARE!,1,Synthetic_Fake_Augmented
INVESTIGATION: Inside Nigerian communities where children are forced into marriage (1),0,PremiumTimes_Real
#EndSARS Dashboard,0,PremiumTimes_Real
BREAKING NEWS: MODERN SLAVERY: INSIDE NIGERIAN COMMUNITIES WHERE CHILDREN ARE SOLD INTO MARRIAGE (II) FORWARD IMMEDIATELY!,1,Synthetic_Fake_Augmented
Read moreDetails,0,PremiumTimes_Real
URGENT SHARE NOW: ONLINE KASZINÓ MAGYAR !!!,1,Synthetic_Fake_Augmented
"WHO says finances stabilised after restructuring, funding shocks",0,PremiumTimes_Real
YOU WON'T BELIEVE: Special Reports/Investigations SHARE TO ALL GROUPS!,1,Synthetic_Fake_Augmented
FINAL WARNING: ONLINE KASZINÓ MAGYAR DON'T IGNORE THIS!,1,Synthetic_Fake_Augmented
Analysis and Data,0,PremiumTimes_Real
SPECIAL REPORT: Nigeria’s maritime university upgrade stalls as billions flow into repealed academy,0,PremiumTimes_Real
YOU WON'T BELIEVE: 2024 EDO GOVERNORSHIP ELECTION FORWARD IMMEDIATELY!,1,Synthetic_Fake_Augmented
"South Africa doesn’t have a leadership crisis: It has a humanity crisis, By Nqobile Pamela Xaba",0,PremiumTimes_Real
URGENT SHARE NOW: READ MOREDETAILS !!!,1,Synthetic_Fake_Augmented
Oloyede made JAMB model for Nigeria’s public institutions – Cleric,0,PremiumTimes_Real
BREAKING NEWS: CENTRE FOR INVESTIGATIVE JOURNALISM SHARE TO ALL GROUPS!,1,Synthetic_Fake_Augmented
Read moreDetails,0,PremiumTimes_Real
FINAL WARNING: Late arrival of officials stalls APC’s state assembly primaries in Lagos READ AND SHARE!,1,Synthetic_Fake_Augmented
Read moreDetails,0,PremiumTimes_Real
Analysis and Data,0,PremiumTimes_Real
Data and Infographics,0,PremiumTimes_Real
Read moreDetails,0,PremiumTimes_Real
non Gamstop casinos,0,PremiumTimes_Real
EXCLUSIVE: Why Tinubu fired Wale Edun as finance minister,0,PremiumTimes_Real
CONFIRMED!!! Abdulqudus Ogundapo !!!,1,Synthetic_Fake_Augmented
"Candidate selection or civilian coup?, By Dakuku Peterside",0,PremiumTimes_Real
#EndSARS Dashboard,0,PremiumTimes_Real
YOU WON'T BELIEVE: READ MOREDETAILS FORWARD IMMEDIATELY!,1,Synthetic_Fake_Augmented
Headline Stories,0,PremiumTimes_Real
URGENT SHARE NOW: READ MOREDETAILS DON'T IGNORE THIS!,1,Synthetic_Fake_Augmented
"URGENT SHARE NOW: Eid and the epidemic of empty pockets, By Reuben Abati ???",1,Synthetic_Fake_Augmented
URGENT SHARE NOW: ONLINE KASZINÓ MAGYAR READ AND SHARE!,1,Synthetic_Fake_Augmented
Geriausi kazino internetu,0,PremiumTimes_Real
CONFIRMED!!! Headline Stories DON'T IGNORE THIS!,1,Synthetic_Fake_Augmented
YOU WON'T BELIEVE: Special Reports/Investigations ???,1,Synthetic_Fake_Augmented
"NDC as the new frontier of opposition, By Majeed Dahiru",0,PremiumTimes_Real
FINAL WARNING: Special Reports/Investigations DON'T IGNORE THIS!,1,Synthetic_Fake_Augmented
Analysis and Data,0,PremiumTimes_Real
SHOCKING!!! READ MOREDETAILS !!!,1,Synthetic_Fake_Augmented
"URGENT SHARE NOW: South Africa doesn’t have a leadership crisis: It has a humanity crisis, By Nqobile Pamela Xaba READ AND SHARE!",1,Synthetic_Fake_Augmented
Abdulqudus Ogundapo,0,PremiumTimes_Real
Special Reports and Investigations,0,PremiumTimes_Real
Nigeria’s Federal/States’ Budgets since 2005,0,PremiumTimes_Real
"2027: ‘I’m 63, you can’t call me boy, be careful!’ Kano governor warns Kwankwaso",0,PremiumTimes_Real
URGENT SHARE NOW: More Sports News DON'T IGNORE THIS!,1,Synthetic_Fake_Augmented
More Sports News,0,PremiumTimes_Real
YOU WON'T BELIEVE: READ MOREDETAILS SHARE TO ALL GROUPS!,1,Synthetic_Fake_Augmented
Business Specials,0,PremiumTimes_Real
URGENT SHARE NOW: Geriausi kazino internetu FORWARD IMMEDIATELY!,1,Synthetic_Fake_Augmented
Malabu Scandal Thread,0,PremiumTimes_Real
BREAKING NEWS: Lawyers critical to ending corruption in Nigeria – NBA committee ???,1,Synthetic_Fake_Augmented
URGENT SHARE NOW: Headline Stories READ AND SHARE!,1,Synthetic_Fake_Augmented
Read moreDetails,0,PremiumTimes_Real
Headline Stories,0,PremiumTimes_Real
"The Premium Times, Nigeria",0,PremiumTimes_Real
Read moreDetails,0,PremiumTimes_Real
URGENT SHARE NOW: EXCLUSIVE: WHY TINUBU FIRED WALE EDUN AS FINANCE MINISTER SHARE TO ALL GROUPS!,1,Synthetic_Fake_Augmented
SHOCKING!!! 2024 ONDO GOVERNORSHIP ELECTION READ AND SHARE!,1,Synthetic_Fake_Augmented
CONFIRMED!!! WHY I FINALLY WROTE MY MEMOIR AFTER 60 YEARS – GOWON !!!,1,Synthetic_Fake_Augmented
CONFIRMED!!! READ MOREDETAILS FORWARD IMMEDIATELY!,1,Synthetic_Fake_Augmented
URGENT SHARE NOW: READ MOREDETAILS FORWARD IMMEDIATELY!,1,Synthetic_Fake_Augmented
