text,label,source,type
URGENT SHARE NOW: HOUSE OF ASSEMBLY MEMBER WINS APC TICKET IN ABIA SOUTH DISTRICT !!!,1,Synthetic_Augmentation,Synthetic_Fake
"YOU WON'T BELIEVE: CJID, EU LAUNCH INITIATIVE TO FIGHT DISINFORMATION, STRENGTHEN DEMOCRATIC RESILIENCE IN NORTH-WEST NIGERIA DON'T IGNORE THIS!",1,Synthetic_Augmentation,Synthetic_Fake
YOU WON'T BELIEVE: WHY I FINALLY WROTE MY MEMOIR AFTER 60 YEARS – GOWON SHARE TO ALL GROUPS!,1,Synthetic_Augmentation,Synthetic_Fake
CONFIRMED!!! ‎Ondo doctors threaten action over alleged decline in welfare and manpower. FORWARD IMMEDIATELY!,1,Synthetic_Augmentation,Synthetic_Fake
CONFIRMED!!! APC primaries sweep out over 50 reps ahead of 2027 elections !!!,1,Synthetic_Augmentation,Synthetic_Fake
URGENT SHARE NOW: WIZKID SETS RECORD AS FIRST AFRICAN ARTISTE TO REACH 11 BILLION SPOTIFY STREAMS !!!,1,Synthetic_Augmentation,Synthetic_Fake
YOU WON'T BELIEVE: Oil-well Dispute: Inside the report that restores Cross River’s hope FORWARD IMMEDIATELY!,1,Synthetic_Augmentation,Synthetic_Fake
"Family protest over El-Rufai’s detention by SSS, healthcare access, ICPC speaks",0,Premium Times,Verified_Real
"URGENT SHARE NOW: NDC AS THE NEW FRONTIER OF OPPOSITION, BY MAJEED DAHIRU !!!",1,Synthetic_Augmentation,Synthetic_Fake
YOU WON'T BELIEVE: EXCLUSIVE: Why Tinubu fired Wale Edun as finance minister DON'T IGNORE THIS!,1,Synthetic_Augmentation,Synthetic_Fake
CONFIRMED!!! Projects & Partnerships !!!,1,Synthetic_Augmentation,Synthetic_Fake
"EU, UNODC, ECOWAS back Nigeria’s 2026-2030 drug control plan",0,Premium Times,Verified_Real
CONFIRMED!!! Resource Curse? The only school in this Akwa Ibom oil community lies in ruins FORWARD IMMEDIATELY!,1,Synthetic_Augmentation,Synthetic_Fake
Resource Curse? The only school in this Akwa Ibom oil community lies in ruins,0,Premium Times,Verified_Real
SHOCKING!!! MODERN SLAVERY: INSIDE NIGERIAN COMMUNITIES WHERE CHILDREN ARE SOLD INTO MARRIAGE (II) DON'T IGNORE THIS!,1,Synthetic_Augmentation,Synthetic_Fake
SHOCKING!!! SPECIAL REPORT: HOW FAMILIES COPED WITH 10-YEAR CLOSURE OF 23 SCHOOLS IN OYO SHARE TO ALL GROUPS!,1,Synthetic_Augmentation,Synthetic_Fake
"SHOCKING!!! PENCOM, NLC MOVE AGAINST PENSION NON-REMITTANCE BY EMPLOYERS DON'T IGNORE THIS!",1,Synthetic_Augmentation,Synthetic_Fake
"URGENT SHARE NOW: CONTENT MONETISATION: THE INTERNET IS REWARDING HARM, AND WOMEN ARE PAYING THE PRICE, BY CHIOMA AGWUEGBO FORWARD IMMEDIATELY!",1,Synthetic_Augmentation,Synthetic_Fake
"BREAKING NEWS: CONTENT MONETISATION: THE INTERNET IS REWARDING HARM, AND WOMEN ARE PAYING THE PRICE, BY CHIOMA AGWUEGBO !!!",1,Synthetic_Augmentation,Synthetic_Fake
YOU WON'T BELIEVE: SPECIAL REPORT: NIGERIA’S MARITIME UNIVERSITY UPGRADE STALLS AS BILLIONS FLOW INTO REPEALED ACADEMY FORWARD IMMEDIATELY!,1,Synthetic_Augmentation,Synthetic_Fake
URGENT SHARE NOW: Projects & Partnerships FORWARD IMMEDIATELY!,1,Synthetic_Augmentation,Synthetic_Fake
SHOCKING!!! ADD NEW PLAYLIST FORWARD IMMEDIATELY!,1,Synthetic_Augmentation,Synthetic_Fake
CONFIRMED!!! ADC BEGINS SCREENING OF GOVERNORSHIP ASPIRANTS SHARE TO ALL GROUPS!,1,Synthetic_Augmentation,Synthetic_Fake
BREAKING NEWS: Retrieve your password DON'T IGNORE THIS!,1,Synthetic_Augmentation,Synthetic_Fake
SHOCKING!!! EXCLUSIVE: WHY TINUBU FIRED WALE EDUN AS FINANCE MINISTER READ AND SHARE!,1,Synthetic_Augmentation,Synthetic_Fake
URGENT SHARE NOW: SPECIAL REPORT: HOW FAMILIES COPED WITH 10-YEAR CLOSURE OF 23 SCHOOLS IN OYO FORWARD IMMEDIATELY!,1,Synthetic_Augmentation,Synthetic_Fake
YOU WON'T BELIEVE: EXCLUSIVE: Why Tinubu fired Wale Edun as finance minister FORWARD IMMEDIATELY!,1,Synthetic_Augmentation,Synthetic_Fake
DRC-Uganda Ebola emergency followed IHR procedures — WHO,0,Premium Times,Verified_Real
BREAKING NEWS: Late arrival of officials stalls APC’s state assembly primaries in Lagos DON'T IGNORE THIS!,1,Synthetic_Augmentation,Synthetic_Fake
"CONFIRMED!!! NDC AS THE NEW FRONTIER OF OPPOSITION, BY MAJEED DAHIRU FORWARD IMMEDIATELY!",1,Synthetic_Augmentation,Synthetic_Fake
"Inside the informant networks undermining Nigeria’s anti-banditry campaign, By Samuel Aruwan",0,Premium Times,Verified_Real
YOU WON'T BELIEVE: UPDATED: MAKINDE-BACKED PDP ADOPTS JONATHAN AS SOLE PRESIDENTIAL CANDIDATE SHARE TO ALL GROUPS!,1,Synthetic_Augmentation,Synthetic_Fake
"Eid and the epidemic of empty pockets, By Reuben Abati",0,Premium Times,Verified_Real
"11 years ago, Desmond Elliot swapped costumes for gavel, now he faces tough survival battle",0,Premium Times,Verified_Real
"SHOCKING!!! SOWORE REFUSES TO ENTER DEFENCE IN CYBER-BULLYING TRIAL, WRITES CHIEF JUDGE FOR CASE TRANSFER SHARE TO ALL GROUPS!",1,Synthetic_Augmentation,Synthetic_Fake
CONFIRMED!!! Resource Curse? The only school in this Akwa Ibom oil community lies in ruins FORWARD IMMEDIATELY!,1,Synthetic_Augmentation,Synthetic_Fake
CONFIRMED!!! Plateau APC primaries sweep out six federal lawmakers FORWARD IMMEDIATELY!,1,Synthetic_Augmentation,Synthetic_Fake
BREAKING NEWS: Court begins contempt proceedings against FCCPC over alleged breach of digital lending order !!!,1,Synthetic_Augmentation,Synthetic_Fake
CONFIRMED!!! Fiscal Breach Uncovered: How Imo under Uzodinma spent N101.5 billion in unapproved funds SHARE TO ALL GROUPS!,1,Synthetic_Augmentation,Synthetic_Fake
SPECIAL REPORT: How families coped with 10-year closure of 23 schools in Oyo,0,Premium Times,Verified_Real
"URGENT SHARE NOW: CANDIDATE SELECTION OR CIVILIAN COUP?, BY DAKUKU PETERSIDE FORWARD IMMEDIATELY!",1,Synthetic_Augmentation,Synthetic_Fake
"Content monetisation: The internet is rewarding harm, and women are paying the price, By Chioma Agwuegbo",0,Premium Times,Verified_Real
CONFIRMED!!! INVESTIGATION: Inside Nigerian communities where children are forced into marriage (1) DON'T IGNORE THIS!,1,Synthetic_Augmentation,Synthetic_Fake
BREAKING NEWS: ADD NEW PLAYLIST DON'T IGNORE THIS!,1,Synthetic_Augmentation,Synthetic_Fake
CONFIRMED!!! APC PRIMARIES: ABIRU SECURES LAGOS EAST TICKET UNOPPOSED FOR THIRD TERM FORWARD IMMEDIATELY!,1,Synthetic_Augmentation,Synthetic_Fake
CONFIRMED!!! EXCLUSIVE: WHY TINUBU FIRED WALE EDUN AS FINANCE MINISTER DON'T IGNORE THIS!,1,Synthetic_Augmentation,Synthetic_Fake
SHOCKING!!! Modern Slavery: Inside Nigerian communities where children are sold into marriage (II) READ AND SHARE!,1,Synthetic_Augmentation,Synthetic_Fake
"URGENT SHARE NOW: DHQ dismisses claims of terrorist base in South-west, intensifies search for abducted Oyo pupils !!!",1,Synthetic_Augmentation,Synthetic_Fake
"Candidate selection or civilian coup?, By Dakuku Peterside",0,Premium Times,Verified_Real
YOU WON'T BELIEVE: EXCLUSIVE: Why Tinubu fired Wale Edun as finance minister READ AND SHARE!,1,Synthetic_Augmentation,Synthetic_Fake
SHOCKING!!! UPDATED: EFCC arrests fleeing convicted ex-power minister SHARE TO ALL GROUPS!,1,Synthetic_Augmentation,Synthetic_Fake
"NDC as the new frontier of opposition, By Majeed Dahiru",0,Premium Times,Verified_Real
SHOCKING!!! ‎ONDO DOCTORS THREATEN ACTION OVER ALLEGED DECLINE IN WELFARE AND MANPOWER. FORWARD IMMEDIATELY!,1,Synthetic_Augmentation,Synthetic_Fake
"Content monetisation: The internet is rewarding harm, and women are paying the price, By Chioma Agwuegbo",0,Premium Times,Verified_Real
Resource Curse? The only school in this Akwa Ibom oil community lies in ruins,0,Premium Times,Verified_Real
YOU WON'T BELIEVE: SPECIAL REPORT: Nigeria’s maritime university upgrade stalls as billions flow into repealed academy READ AND SHARE!,1,Synthetic_Augmentation,Synthetic_Fake
"URGENT SHARE NOW: Candidate selection or civilian coup?, By Dakuku Peterside FORWARD IMMEDIATELY!",1,Synthetic_Augmentation,Synthetic_Fake
"URGENT SHARE NOW: Eid and the epidemic of empty pockets, By Reuben Abati READ AND SHARE!",1,Synthetic_Augmentation,Synthetic_Fake
BREAKING NEWS: TOGO REMOVES VISA REQUIREMENT FOR AFRICAN NATIONALS FORWARD IMMEDIATELY!,1,Synthetic_Augmentation,Synthetic_Fake
SHOCKING!!! Modern Slavery: Inside Nigerian communities where children are sold into marriage (II) SHARE TO ALL GROUPS!,1,Synthetic_Augmentation,Synthetic_Fake
"Chelle picks Osimhen, Lookman for Portugal, Poland friendlies, names seven NPFL stars for Unity Cup",0,Premium Times,Verified_Real
BREAKING NEWS: OIL-WELL DISPUTE: INSIDE THE REPORT THAT RESTORES CROSS RIVER’S HOPE DON'T IGNORE THIS!,1,Synthetic_Augmentation,Synthetic_Fake
"SHOCKING!!! NDC as the new frontier of opposition, By Majeed Dahiru FORWARD IMMEDIATELY!",1,Synthetic_Augmentation,Synthetic_Fake
SPECIAL REPORT: Nigeria’s maritime university upgrade stalls as billions flow into repealed academy,0,Premium Times,Verified_Real
"URGENT SHARE NOW: Candidate selection or civilian coup?, By Dakuku Peterside SHARE TO ALL GROUPS!",1,Synthetic_Augmentation,Synthetic_Fake
URGENT SHARE NOW: MODERN SLAVERY: INSIDE NIGERIAN COMMUNITIES WHERE CHILDREN ARE SOLD INTO MARRIAGE (II) READ AND SHARE!,1,Synthetic_Augmentation,Synthetic_Fake
"SHOCKING!!! GOWON MEMOIR: JONATHAN, SULTAN, RALLY NIGERIANS TO PRESERVE HISTORY !!!",1,Synthetic_Augmentation,Synthetic_Fake
Arsenal crowned Premier League champions after Man City stumble at Bournemouth,0,Premium Times,Verified_Real
"South Africa doesn’t have a leadership crisis: It has a humanity crisis, By Nqobile Pamela Xaba",0,Premium Times,Verified_Real
"BREAKING NEWS: CONTENT MONETISATION: THE INTERNET IS REWARDING HARM, AND WOMEN ARE PAYING THE PRICE, BY CHIOMA AGWUEGBO DON'T IGNORE THIS!",1,Synthetic_Augmentation,Synthetic_Fake
URGENT SHARE NOW: ADC SCREENS OVER 70 GOVERNORSHIP ASPIRANTS AHEAD OF PRIMARIES !!!,1,Synthetic_Augmentation,Synthetic_Fake
EXCLUSIVE: Why Tinubu fired Wale Edun as finance minister,0,Premium Times,Verified_Real
"CONFIRMED!!! DHQ DISMISSES CLAIMS OF TERRORIST BASE IN SOUTH-WEST, INTENSIFIES SEARCH FOR ABDUCTED OYO PUPILS SHARE TO ALL GROUPS!",1,Synthetic_Augmentation,Synthetic_Fake
Oil-well Dispute: Inside the report that restores Cross River’s hope,0,Premium Times,Verified_Real
"URGENT SHARE NOW: INVESTIGATION: THE ILLEGAL TIMBER TRADE FUELLING TERRORISM IN NORTH-CENTRAL NIGERIA, BENIN FORWARD IMMEDIATELY!",1,Synthetic_Augmentation,Synthetic_Fake
"SHOCKING!!! NDC as the new frontier of opposition, By Majeed Dahiru FORWARD IMMEDIATELY!",1,Synthetic_Augmentation,Synthetic_Fake
"SHOCKING!!! GOWON MEMOIR: JONATHAN, SULTAN, RALLY NIGERIANS TO PRESERVE HISTORY !!!",1,Synthetic_Augmentation,Synthetic_Fake
SHOCKING!!! Togo removes visa requirement for African nationals FORWARD IMMEDIATELY!,1,Synthetic_Augmentation,Synthetic_Fake
Our Digital Network,0,Premium Times,Verified_Real
"SHOCKING!!! INVESTIGATION: The illegal timber trade fuelling terrorism in North-central Nigeria, Benin DON'T IGNORE THIS!",1,Synthetic_Augmentation,Synthetic_Fake
"SHOCKING!!! GOWON MEMOIR: JONATHAN, SULTAN, RALLY NIGERIANS TO PRESERVE HISTORY READ AND SHARE!",1,Synthetic_Augmentation,Synthetic_Fake
URGENT SHARE NOW: TOGO REMOVES VISA REQUIREMENT FOR AFRICAN NATIONALS !!!,1,Synthetic_Augmentation,Synthetic_Fake
"BREAKING NEWS: CJID, EU launch initiative to fight disinformation, strengthen democratic resilience in north-west Nigeria READ AND SHARE!",1,Synthetic_Augmentation,Synthetic_Fake
"YOU WON'T BELIEVE: 2027: Orji Kalu, Atuma win APC senatorial tickets in Abia READ AND SHARE!",1,Synthetic_Augmentation,Synthetic_Fake
"INVESTIGATION: The illegal timber trade fuelling terrorism in North-central Nigeria, Benin",0,Premium Times,Verified_Real
CONFIRMED!!! UPDATED: Makinde-backed PDP adopts Jonathan as sole presidential candidate SHARE TO ALL GROUPS!,1,Synthetic_Augmentation,Synthetic_Fake
Retrieve your password,0,Premium Times,Verified_Real
"Inside the informant networks undermining Nigeria’s anti-banditry campaign, By Samuel Aruwan",0,Premium Times,Verified_Real
Late arrival of officials stalls APC’s state assembly primaries in Lagos,0,Premium Times,Verified_Real
"INVESTIGATION: The illegal timber trade fuelling terrorism in North-central Nigeria, Benin",0,Premium Times,Verified_Real
"YOU WON'T BELIEVE: SOUTH AFRICA DOESN’T HAVE A LEADERSHIP CRISIS: IT HAS A HUMANITY CRISIS, BY NQOBILE PAMELA XABA DON'T IGNORE THIS!",1,Synthetic_Augmentation,Synthetic_Fake
BREAKING NEWS: ADC screens over 70 governorship aspirants ahead of primaries FORWARD IMMEDIATELY!,1,Synthetic_Augmentation,Synthetic_Fake
Oloyede made JAMB model for Nigeria’s public institutions – Cleric,0,Premium Times,Verified_Real
CONFIRMED!!! 2027: APC APPEAL COMMITTEE RECEIVES 5 PETITIONS ON DELTA NASS PRIMARIES FORWARD IMMEDIATELY!,1,Synthetic_Augmentation,Synthetic_Fake
SPECIAL REPORT: How families coped with 10-year closure of 23 schools in Oyo,0,Premium Times,Verified_Real
Our Digital Network,0,Premium Times,Verified_Real
"OAU inducts 157 medical, dental graduates",0,Premium Times,Verified_Real
CONFIRMED!!! ADC SCREENS OVER 70 GOVERNORSHIP ASPIRANTS AHEAD OF PRIMARIES SHARE TO ALL GROUPS!,1,Synthetic_Augmentation,Synthetic_Fake
"URGENT SHARE NOW: INSIDE THE INFORMANT NETWORKS UNDERMINING NIGERIA’S ANTI-BANDITRY CAMPAIGN, BY SAMUEL ARUWAN !!!",1,Synthetic_Augmentation,Synthetic_Fake
YOU WON'T BELIEVE: Another former minister boycotts Gombe APC governorship primary FORWARD IMMEDIATELY!,1,Synthetic_Augmentation,Synthetic_Fake
URGENT SHARE NOW: Our Digital Network READ AND SHARE!,1,Synthetic_Augmentation,Synthetic_Fake
CONFIRMED!!! RETRIEVE YOUR PASSWORD FORWARD IMMEDIATELY!,1,Synthetic_Augmentation,Synthetic_Fake
CONFIRMED!!! HOW SOME PEOPLE CLAIMED I PLANNED TO KILL TINUBU TO TAKE OVER POWER – VP SHETTIMA DON'T IGNORE THIS!,1,Synthetic_Augmentation,Synthetic_Fake
"BREAKING NEWS: NDC as the new frontier of opposition, By Majeed Dahiru FORWARD IMMEDIATELY!",1,Synthetic_Augmentation,Synthetic_Fake
Fiscal Breach Uncovered: How Imo under Uzodinma spent N101.5 billion in unapproved funds,0,Premium Times,Verified_Real
"BREAKING NEWS: Inside the informant networks undermining Nigeria’s anti-banditry campaign, By Samuel Aruwan READ AND SHARE!",1,Synthetic_Augmentation,Synthetic_Fake
Wizkid sets record as first African artiste to reach 11 billion Spotify streams,0,Premium Times,Verified_Real
EFCC hands over recovered N837million to Katsina government,0,Premium Times,Verified_Real
BREAKING NEWS: RESOURCE CURSE? THE ONLY SCHOOL IN THIS AKWA IBOM OIL COMMUNITY LIES IN RUINS FORWARD IMMEDIATELY!,1,Synthetic_Augmentation,Synthetic_Fake
"Enugu, Chinese firm launch digital training for students",0,Premium Times,Verified_Real
URGENT SHARE NOW: Cross River senator rejects APC primary election results !!!,1,Synthetic_Augmentation,Synthetic_Fake
CONFIRMED!!! Resource Curse? The only school in this Akwa Ibom oil community lies in ruins SHARE TO ALL GROUPS!,1,Synthetic_Augmentation,Synthetic_Fake
INVESTIGATION: Inside Nigerian communities where children are forced into marriage (1),0,Premium Times,Verified_Real
AbdulRazaq endorses governorship aspirant amid Kwara APC tensions,0,Premium Times,Verified_Real
"Chelle picks Osimhen, Lookman for Portugal, Poland friendlies, names seven NPFL stars for Unity Cup",0,Premium Times,Verified_Real
URGENT SHARE NOW: Falana petitions African Commission over xenophobia attacks in South Africa DON'T IGNORE THIS!,1,Synthetic_Augmentation,Synthetic_Fake
"URGENT SHARE NOW: Content monetisation: The internet is rewarding harm, and women are paying the price, By Chioma Agwuegbo !!!",1,Synthetic_Augmentation,Synthetic_Fake
SHOCKING!!! SPECIAL REPORT: NIGERIA’S MARITIME UNIVERSITY UPGRADE STALLS AS BILLIONS FLOW INTO REPEALED ACADEMY !!!,1,Synthetic_Augmentation,Synthetic_Fake
"CONFIRMED!!! INVESTIGATION: The illegal timber trade fuelling terrorism in North-central Nigeria, Benin SHARE TO ALL GROUPS!",1,Synthetic_Augmentation,Synthetic_Fake
INVESTIGATION: Inside Nigerian communities where children are forced into marriage (1),0,Premium Times,Verified_Real
BREAKING NEWS: LECTURERS AT UNIVERSITY OF CROSS RIVER BEGIN INDEFINITE STRIKE !!!,1,Synthetic_Augmentation,Synthetic_Fake
"BREAKING NEWS: CONTENT MONETISATION: THE INTERNET IS REWARDING HARM, AND WOMEN ARE PAYING THE PRICE, BY CHIOMA AGWUEGBO SHARE TO ALL GROUPS!",1,Synthetic_Augmentation,Synthetic_Fake
SHOCKING!!! Arsenal crowned Premier League champions after Man City stumble at Bournemouth !!!,1,Synthetic_Augmentation,Synthetic_Fake
SHOCKING!!! Falana petitions African Commission over xenophobia attacks in South Africa READ AND SHARE!,1,Synthetic_Augmentation,Synthetic_Fake
CONFIRMED!!! INVESTIGATION: Inside Nigerian communities where children are forced into marriage (1) FORWARD IMMEDIATELY!,1,Synthetic_Augmentation,Synthetic_Fake
"Inside the informant networks undermining Nigeria’s anti-banditry campaign, By Samuel Aruwan",0,Premium Times,Verified_Real
"URGENT SHARE NOW: Family protest over El-Rufai’s detention by SSS, healthcare access, ICPC speaks DON'T IGNORE THIS!",1,Synthetic_Augmentation,Synthetic_Fake
"URGENT SHARE NOW: CANDIDATE SELECTION OR CIVILIAN COUP?, BY DAKUKU PETERSIDE DON'T IGNORE THIS!",1,Synthetic_Augmentation,Synthetic_Fake
"SHOCKING!!! Inside the informant networks undermining Nigeria’s anti-banditry campaign, By Samuel Aruwan DON'T IGNORE THIS!",1,Synthetic_Augmentation,Synthetic_Fake
Lecturers at University of Cross River begin indefinite strike,0,Premium Times,Verified_Real
UPDATED: EFCC arrests fleeing convicted ex-power minister,0,Premium Times,Verified_Real
"SHOCKING!!! INSIDE THE INFORMANT NETWORKS UNDERMINING NIGERIA’S ANTI-BANDITRY CAMPAIGN, BY SAMUEL ARUWAN FORWARD IMMEDIATELY!",1,Synthetic_Augmentation,Synthetic_Fake
"DHQ gives update on Nigeria-US operations against Islamic State, says 175 terrorists killed",0,Premium Times,Verified_Real
URGENT SHARE NOW: Kukah recounts Gowon’s post-exile life after ouster from power FORWARD IMMEDIATELY!,1,Synthetic_Augmentation,Synthetic_Fake
"CONFIRMED!!! CANDIDATE SELECTION OR CIVILIAN COUP?, BY DAKUKU PETERSIDE SHARE TO ALL GROUPS!",1,Synthetic_Augmentation,Synthetic_Fake
"Inside the informant networks undermining Nigeria’s anti-banditry campaign, By Samuel Aruwan",0,Premium Times,Verified_Real
"WHO declares Ebola outbreak in DRC, Uganda global health emergency",0,Premium Times,Verified_Real
CONFIRMED!!! INVESTIGATION: Inside Nigerian communities where children are forced into marriage (1) DON'T IGNORE THIS!,1,Synthetic_Augmentation,Synthetic_Fake
CONFIRMED!!! PROJECTS & PARTNERSHIPS !!!,1,Synthetic_Augmentation,Synthetic_Fake
APC Primaries: All 7 Zamfara incumbent Reps secure return tickets,0,Premium Times,Verified_Real
Modern Slavery: Inside Nigerian communities where children are sold into marriage (II),0,Premium Times,Verified_Real
﻿UCTH CMD says relocation of medical professionals gradually reducing,0,Premium Times,Verified_Real
YOU WON'T BELIEVE: EXCLUSIVE: WHY TINUBU FIRED WALE EDUN AS FINANCE MINISTER DON'T IGNORE THIS!,1,Synthetic_Augmentation,Synthetic_Fake
"URGENT SHARE NOW: NDC as the new frontier of opposition, By Majeed Dahiru SHARE TO ALL GROUPS!",1,Synthetic_Augmentation,Synthetic_Fake
"BREAKING NEWS: JUST IN: Pantami withdraws from Gombe APC governorship primaries, gives reasons FORWARD IMMEDIATELY!",1,Synthetic_Augmentation,Synthetic_Fake
CONFIRMED!!! Modern Slavery: Inside Nigerian communities where children are sold into marriage (II) READ AND SHARE!,1,Synthetic_Augmentation,Synthetic_Fake
BREAKING NEWS: Falana petitions African Commission over xenophobia attacks in South Africa READ AND SHARE!,1,Synthetic_Augmentation,Synthetic_Fake
"CONFIRMED!!! Candidate selection or civilian coup?, By Dakuku Peterside DON'T IGNORE THIS!",1,Synthetic_Augmentation,Synthetic_Fake
Fiscal Breach Uncovered: How Imo under Uzodinma spent N101.5 billion in unapproved funds,0,Premium Times,Verified_Real
"SHOCKING!!! JUST IN: PANTAMI WITHDRAWS FROM GOMBE APC GOVERNORSHIP PRIMARIES, GIVES REASONS FORWARD IMMEDIATELY!",1,Synthetic_Augmentation,Synthetic_Fake
YOU WON'T BELIEVE: EXCLUSIVE: Why Tinubu fired Wale Edun as finance minister SHARE TO ALL GROUPS!,1,Synthetic_Augmentation,Synthetic_Fake
"URGENT SHARE NOW: Eid and the epidemic of empty pockets, By Reuben Abati !!!",1,Synthetic_Augmentation,Synthetic_Fake
SHOCKING!!! Fiscal Breach Uncovered: How Imo under Uzodinma spent N101.5 billion in unapproved funds FORWARD IMMEDIATELY!,1,Synthetic_Augmentation,Synthetic_Fake
Add New Playlist,0,Premium Times,Verified_Real
SHOCKING!!! ABIA INAUGURATES BIOGAS PILOT PROJECT TO DRIVE RENEWABLE ENERGY – OFFICIAL !!!,1,Synthetic_Augmentation,Synthetic_Fake
URGENT SHARE NOW: UPDATED: EFCC ARRESTS FLEEING CONVICTED EX-POWER MINISTER FORWARD IMMEDIATELY!,1,Synthetic_Augmentation,Synthetic_Fake
"Candidate selection or civilian coup?, By Dakuku Peterside",0,Premium Times,Verified_Real
"FG to scale up caregiver training, certification to boost care economy",0,Premium Times,Verified_Real
"YOU WON'T BELIEVE: APC returns incumbents, picks new faces in Osun primaries DON'T IGNORE THIS!",1,Synthetic_Augmentation,Synthetic_Fake
"URGENT SHARE NOW: INVESTIGATION: THE ILLEGAL TIMBER TRADE FUELLING TERRORISM IN NORTH-CENTRAL NIGERIA, BENIN READ AND SHARE!",1,Synthetic_Augmentation,Synthetic_Fake
URGENT SHARE NOW: RETRIEVE YOUR PASSWORD READ AND SHARE!,1,Synthetic_Augmentation,Synthetic_Fake
YOU WON'T BELIEVE: SPECIAL REPORT: NIGERIA’S MARITIME UNIVERSITY UPGRADE STALLS AS BILLIONS FLOW INTO REPEALED ACADEMY READ AND SHARE!,1,Synthetic_Augmentation,Synthetic_Fake
BREAKING NEWS: INVESTIGATION: Inside Nigerian communities where children are forced into marriage (1) SHARE TO ALL GROUPS!,1,Synthetic_Augmentation,Synthetic_Fake
YOU WON'T BELIEVE: SPECIAL REPORT: Nigeria’s maritime university upgrade stalls as billions flow into repealed academy READ AND SHARE!,1,Synthetic_Augmentation,Synthetic_Fake
CONFIRMED!!! TRUMP SAYS HE CALLED OFF RENEWED ATTACK ON IRAN AT GULF STATES’ REQUEST FORWARD IMMEDIATELY!,1,Synthetic_Augmentation,Synthetic_Fake
"URGENT SHARE NOW: Inside the informant networks undermining Nigeria’s anti-banditry campaign, By Samuel Aruwan FORWARD IMMEDIATELY!",1,Synthetic_Augmentation,Synthetic_Fake
"BREAKING NEWS: Inside the informant networks undermining Nigeria’s anti-banditry campaign, By Samuel Aruwan DON'T IGNORE THIS!",1,Synthetic_Augmentation,Synthetic_Fake
"URGENT SHARE NOW: South Africa doesn’t have a leadership crisis: It has a humanity crisis, By Nqobile Pamela Xaba FORWARD IMMEDIATELY!",1,Synthetic_Augmentation,Synthetic_Fake
"URGENT SHARE NOW: Candidate selection or civilian coup?, By Dakuku Peterside DON'T IGNORE THIS!",1,Synthetic_Augmentation,Synthetic_Fake
"YOU WON'T BELIEVE: Eid and the epidemic of empty pockets, By Reuben Abati SHARE TO ALL GROUPS!",1,Synthetic_Augmentation,Synthetic_Fake
"CONFIRMED!!! 11 years ago, Desmond Elliot swapped costumes for gavel, now he faces tough survival battle !!!",1,Synthetic_Augmentation,Synthetic_Fake
CONFIRMED!!! SPECIAL REPORT: How families coped with 10-year closure of 23 schools in Oyo DON'T IGNORE THIS!,1,Synthetic_Augmentation,Synthetic_Fake
EPL: Arsenal move five points clear after slim win over Burnley,0,Premium Times,Verified_Real
"BREAKING NEWS: Inside the informant networks undermining Nigeria’s anti-banditry campaign, By Samuel Aruwan !!!",1,Synthetic_Augmentation,Synthetic_Fake
"2027: Despite forgery scandal, Wike’s PDP faction clears ex-Minister Uche Nnaji",0,Premium Times,Verified_Real
YOU WON'T BELIEVE: SPECIAL REPORT: HOW FAMILIES COPED WITH 10-YEAR CLOSURE OF 23 SCHOOLS IN OYO FORWARD IMMEDIATELY!,1,Synthetic_Augmentation,Synthetic_Fake
SHOCKING!!! SPECIAL REPORT: How families coped with 10-year closure of 23 schools in Oyo SHARE TO ALL GROUPS!,1,Synthetic_Augmentation,Synthetic_Fake
YOU WON'T BELIEVE: DRC-Uganda Ebola emergency followed IHR procedures — WHO !!!,1,Synthetic_Augmentation,Synthetic_Fake
"BREAKING NEWS: EU, UNODC, ECOWAS BACK NIGERIA’S 2026-2030 DRUG CONTROL PLAN DON'T IGNORE THIS!",1,Synthetic_Augmentation,Synthetic_Fake
SHOCKING!!! FALANA PETITIONS AFRICAN COMMISSION OVER XENOPHOBIA ATTACKS IN SOUTH AFRICA !!!,1,Synthetic_Augmentation,Synthetic_Fake
"BREAKING NEWS: Enugu, Chinese firm launch digital training for students DON'T IGNORE THIS!",1,Synthetic_Augmentation,Synthetic_Fake
UPDATED: Makinde-backed PDP adopts Jonathan as sole presidential candidate,0,Premium Times,Verified_Real
Judge rules on SSS lawyer’s complaint of El-Rufai family’s alleged inciteful conduct,0,Premium Times,Verified_Real
"BREAKING NEWS: Content monetisation: The internet is rewarding harm, and women are paying the price, By Chioma Agwuegbo FORWARD IMMEDIATELY!",1,Synthetic_Augmentation,Synthetic_Fake
SHOCKING!!! Modern Slavery: Inside Nigerian communities where children are sold into marriage (II) FORWARD IMMEDIATELY!,1,Synthetic_Augmentation,Synthetic_Fake
SHOCKING!!! ONDO GOVT CLOSES SCHOOLS FOR APC ASSEMBLY PRIMARIES AFTER MONDAY’S VIOLENCE DON'T IGNORE THIS!,1,Synthetic_Augmentation,Synthetic_Fake
Late arrival of officials stalls APC’s state assembly primaries in Lagos,0,Premium Times,Verified_Real
"INVESTIGATION: The illegal timber trade fuelling terrorism in North-central Nigeria, Benin",0,Premium Times,Verified_Real
"Eid and the epidemic of empty pockets, By Reuben Abati",0,Premium Times,Verified_Real
"SHOCKING!!! INVESTIGATION: The illegal timber trade fuelling terrorism in North-central Nigeria, Benin SHARE TO ALL GROUPS!",1,Synthetic_Augmentation,Synthetic_Fake
"URGENT SHARE NOW: AFTER 15 YEARS IN THE SENATE, GOJE LOSES APC PRIMARY READ AND SHARE!",1,Synthetic_Augmentation,Synthetic_Fake
URGENT SHARE NOW: House of Assembly member wins APC ticket in Abia South District SHARE TO ALL GROUPS!,1,Synthetic_Augmentation,Synthetic_Fake
SHOCKING!!! How some people claimed I planned to kill Tinubu to take over power – VP Shettima SHARE TO ALL GROUPS!,1,Synthetic_Augmentation,Synthetic_Fake
BREAKING NEWS: Oil-well Dispute: Inside the report that restores Cross River’s hope FORWARD IMMEDIATELY!,1,Synthetic_Augmentation,Synthetic_Fake
"URGENT SHARE NOW: CANDIDATE SELECTION OR CIVILIAN COUP?, BY DAKUKU PETERSIDE SHARE TO ALL GROUPS!",1,Synthetic_Augmentation,Synthetic_Fake
Resource Curse? The only school in this Akwa Ibom oil community lies in ruins,0,Premium Times,Verified_Real
"NDC as the new frontier of opposition, By Majeed Dahiru",0,Premium Times,Verified_Real
"FAAN announces additional health screening measures, enhanced Ebola surveillance at Nigerian airports",0,Premium Times,Verified_Real
Flood Threat: NEMA launches response campaign in Rivers,0,Premium Times,Verified_Real
"South Africa doesn’t have a leadership crisis: It has a humanity crisis, By Nqobile Pamela Xaba",0,Premium Times,Verified_Real
Nigeria intensifies surveillance as Ebola outbreak spreads in Central Africa – NCDC,0,Premium Times,Verified_Real
SHOCKING!!! PLATEAU APC PRIMARIES SWEEP OUT SIX FEDERAL LAWMAKERS SHARE TO ALL GROUPS!,1,Synthetic_Augmentation,Synthetic_Fake
YOU WON'T BELIEVE: Oil-well Dispute: Inside the report that restores Cross River’s hope !!!,1,Synthetic_Augmentation,Synthetic_Fake
Oil-well Dispute: Inside the report that restores Cross River’s hope,0,Premium Times,Verified_Real
"South Africa doesn’t have a leadership crisis: It has a humanity crisis, By Nqobile Pamela Xaba",0,Premium Times,Verified_Real
CONFIRMED!!! LATE ARRIVAL OF OFFICIALS STALLS APC’S STATE ASSEMBLY PRIMARIES IN LAGOS READ AND SHARE!,1,Synthetic_Augmentation,Synthetic_Fake
"SHOCKING!!! 2027: DESPITE FORGERY SCANDAL, WIKE’S PDP FACTION CLEARS EX-MINISTER UCHE NNAJI READ AND SHARE!",1,Synthetic_Augmentation,Synthetic_Fake
House of Assembly member wins APC ticket in Abia South District,0,Premium Times,Verified_Real
URGENT SHARE NOW: ADC screens over 70 governorship aspirants ahead of primaries FORWARD IMMEDIATELY!,1,Synthetic_Augmentation,Synthetic_Fake
SHOCKING!!! EPL: Arsenal move five points clear after slim win over Burnley SHARE TO ALL GROUPS!,1,Synthetic_Augmentation,Synthetic_Fake
BREAKING NEWS: Why I supported Lagos Speaker Obasa’s removal — Desmond Elliott DON'T IGNORE THIS!,1,Synthetic_Augmentation,Synthetic_Fake
"SHOCKING!!! Inside the informant networks undermining Nigeria’s anti-banditry campaign, By Samuel Aruwan READ AND SHARE!",1,Synthetic_Augmentation,Synthetic_Fake
SHOCKING!!! CROSS RIVER SENATOR REJECTS APC PRIMARY ELECTION RESULTS DON'T IGNORE THIS!,1,Synthetic_Augmentation,Synthetic_Fake
"2027: Barau, Shekarau, Kawu emerge as Kano APC senatorial candidates unopposed",0,Premium Times,Verified_Real
YOU WON'T BELIEVE: TRUMP SAYS HE CALLED OFF RENEWED ATTACK ON IRAN AT GULF STATES’ REQUEST SHARE TO ALL GROUPS!,1,Synthetic_Augmentation,Synthetic_Fake
CONFIRMED!!! RESOURCE CURSE? THE ONLY SCHOOL IN THIS AKWA IBOM OIL COMMUNITY LIES IN RUINS READ AND SHARE!,1,Synthetic_Augmentation,Synthetic_Fake
INVESTIGATION: Inside Nigerian communities where children are forced into marriage (1),0,Premium Times,Verified_Real
BREAKING NEWS: ADD NEW PLAYLIST !!!,1,Synthetic_Augmentation,Synthetic_Fake
SHOCKING!!! INVESTIGATION: Inside Nigerian communities where children are forced into marriage (1) FORWARD IMMEDIATELY!,1,Synthetic_Augmentation,Synthetic_Fake
"BREAKING NEWS: INVESTIGATION: THE ILLEGAL TIMBER TRADE FUELLING TERRORISM IN NORTH-CENTRAL NIGERIA, BENIN READ AND SHARE!",1,Synthetic_Augmentation,Synthetic_Fake
EXCLUSIVE: Why Tinubu fired Wale Edun as finance minister,0,Premium Times,Verified_Real
SPECIAL REPORT: How families coped with 10-year closure of 23 schools in Oyo,0,Premium Times,Verified_Real
SPECIAL REPORT: Nigeria’s maritime university upgrade stalls as billions flow into repealed academy,0,Premium Times,Verified_Real
CONFIRMED!!! Wizkid sets record as first African artiste to reach 11 billion Spotify streams FORWARD IMMEDIATELY!,1,Synthetic_Augmentation,Synthetic_Fake
BREAKING NEWS: Trump says he called off renewed attack on Iran at Gulf states’ request FORWARD IMMEDIATELY!,1,Synthetic_Augmentation,Synthetic_Fake
"BREAKING NEWS: CONTENT MONETISATION: THE INTERNET IS REWARDING HARM, AND WOMEN ARE PAYING THE PRICE, BY CHIOMA AGWUEGBO SHARE TO ALL GROUPS!",1,Synthetic_Augmentation,Synthetic_Fake
"YOU WON'T BELIEVE: AFCON 2027 Qualifiers: Nigeria to battle Madagascar, Guinea-Bissau for ticket !!!",1,Synthetic_Augmentation,Synthetic_Fake
"CONFIRMED!!! Inside the informant networks undermining Nigeria’s anti-banditry campaign, By Samuel Aruwan FORWARD IMMEDIATELY!",1,Synthetic_Augmentation,Synthetic_Fake
URGENT SHARE NOW: EXCLUSIVE: Why Tinubu fired Wale Edun as finance minister FORWARD IMMEDIATELY!,1,Synthetic_Augmentation,Synthetic_Fake
"NDC as the new frontier of opposition, By Majeed Dahiru",0,Premium Times,Verified_Real
CONFIRMED!!! EXCLUSIVE: WHY TINUBU FIRED WALE EDUN AS FINANCE MINISTER FORWARD IMMEDIATELY!,1,Synthetic_Augmentation,Synthetic_Fake
"SHOCKING!!! EID AND THE EPIDEMIC OF EMPTY POCKETS, BY REUBEN ABATI DON'T IGNORE THIS!",1,Synthetic_Augmentation,Synthetic_Fake
"CJID, EU launch initiative to fight disinformation, strengthen democratic resilience in north-west Nigeria",0,Premium Times,Verified_Real
"URGENT SHARE NOW: Eid and the epidemic of empty pockets, By Reuben Abati SHARE TO ALL GROUPS!",1,Synthetic_Augmentation,Synthetic_Fake
YOU WON'T BELIEVE: EPL: Arsenal move five points clear after slim win over Burnley SHARE TO ALL GROUPS!,1,Synthetic_Augmentation,Synthetic_Fake
"Inside the informant networks undermining Nigeria’s anti-banditry campaign, By Samuel Aruwan",0,Premium Times,Verified_Real
"INVESTIGATION: The illegal timber trade fuelling terrorism in North-central Nigeria, Benin",0,Premium Times,Verified_Real
"SHOCKING!!! CANDIDATE SELECTION OR CIVILIAN COUP?, BY DAKUKU PETERSIDE DON'T IGNORE THIS!",1,Synthetic_Augmentation,Synthetic_Fake
"CONFIRMED!!! CJID, EU LAUNCH INITIATIVE TO FIGHT DISINFORMATION, STRENGTHEN DEMOCRATIC RESILIENCE IN NORTH-WEST NIGERIA FORWARD IMMEDIATELY!",1,Synthetic_Augmentation,Synthetic_Fake
URGENT SHARE NOW: NIGERIAN ATHLETE SHOT DEAD DAYS BEFORE MBA GRADUATION IN UNITED STATES !!!,1,Synthetic_Augmentation,Synthetic_Fake
YOU WON'T BELIEVE: Oloyede made JAMB model for Nigeria’s public institutions – Cleric DON'T IGNORE THIS!,1,Synthetic_Augmentation,Synthetic_Fake
"CONFIRMED!!! PENCOM, NLC MOVE AGAINST PENSION NON-REMITTANCE BY EMPLOYERS DON'T IGNORE THIS!",1,Synthetic_Augmentation,Synthetic_Fake
"INVESTIGATION: The illegal timber trade fuelling terrorism in North-central Nigeria, Benin",0,Premium Times,Verified_Real
URGENT SHARE NOW: ﻿UCTH CMD says relocation of medical professionals gradually reducing DON'T IGNORE THIS!,1,Synthetic_Augmentation,Synthetic_Fake
"CONFIRMED!!! CSOs condemn Borno schoolchildren abduction, demand security overhaul FORWARD IMMEDIATELY!",1,Synthetic_Augmentation,Synthetic_Fake
"CONFIRMED!!! EID AND THE EPIDEMIC OF EMPTY POCKETS, BY REUBEN ABATI DON'T IGNORE THIS!",1,Synthetic_Augmentation,Synthetic_Fake
"BREAKING NEWS: NDC AS THE NEW FRONTIER OF OPPOSITION, BY MAJEED DAHIRU FORWARD IMMEDIATELY!",1,Synthetic_Augmentation,Synthetic_Fake
CONFIRMED!!! ABDULRAZAQ ENDORSES GOVERNORSHIP ASPIRANT AMID KWARA APC TENSIONS SHARE TO ALL GROUPS!,1,Synthetic_Augmentation,Synthetic_Fake
"BREAKING NEWS: AFCON 2027 Qualifiers: Nigeria to battle Madagascar, Guinea-Bissau for ticket !!!",1,Synthetic_Augmentation,Synthetic_Fake
"URGENT SHARE NOW: NDC as the new frontier of opposition, By Majeed Dahiru FORWARD IMMEDIATELY!",1,Synthetic_Augmentation,Synthetic_Fake
"SHOCKING!!! INVESTIGATION: The illegal timber trade fuelling terrorism in North-central Nigeria, Benin FORWARD IMMEDIATELY!",1,Synthetic_Augmentation,Synthetic_Fake
SHOCKING!!! Modern Slavery: Inside Nigerian communities where children are sold into marriage (II) !!!,1,Synthetic_Augmentation,Synthetic_Fake
"Chelle picks Osimhen, Lookman for Portugal, Poland friendlies, names seven NPFL stars for Unity Cup",0,Premium Times,Verified_Real
YOU WON'T BELIEVE: Oil-well Dispute: Inside the report that restores Cross River’s hope SHARE TO ALL GROUPS!,1,Synthetic_Augmentation,Synthetic_Fake
"YOU WON'T BELIEVE: INVESTIGATION: THE ILLEGAL TIMBER TRADE FUELLING TERRORISM IN NORTH-CENTRAL NIGERIA, BENIN !!!",1,Synthetic_Augmentation,Synthetic_Fake
SHOCKING!!! COURT STRIKES OUT DECEASED DEPUTY GOVERNOR’S SUIT READ AND SHARE!,1,Synthetic_Augmentation,Synthetic_Fake
CONFIRMED!!! Modern Slavery: Inside Nigerian communities where children are sold into marriage (II) DON'T IGNORE THIS!,1,Synthetic_Augmentation,Synthetic_Fake
Retrieve your password,0,Premium Times,Verified_Real
"CONFIRMED!!! OAU INDUCTS 157 MEDICAL, DENTAL GRADUATES !!!",1,Synthetic_Augmentation,Synthetic_Fake
BREAKING NEWS: PROJECTS & PARTNERSHIPS DON'T IGNORE THIS!,1,Synthetic_Augmentation,Synthetic_Fake
"Candidate selection or civilian coup?, By Dakuku Peterside",0,Premium Times,Verified_Real
"NDC as the new frontier of opposition, By Majeed Dahiru",0,Premium Times,Verified_Real
"YOU WON'T BELIEVE: Inside the informant networks undermining Nigeria’s anti-banditry campaign, By Samuel Aruwan SHARE TO ALL GROUPS!",1,Synthetic_Augmentation,Synthetic_Fake
INVESTIGATION: Inside Nigerian communities where children are forced into marriage (1),0,Premium Times,Verified_Real
URGENT SHARE NOW: SPECIAL REPORT: Nigeria’s maritime university upgrade stalls as billions flow into repealed academy !!!,1,Synthetic_Augmentation,Synthetic_Fake
URGENT SHARE NOW: FISCAL BREACH UNCOVERED: HOW IMO UNDER UZODINMA SPENT N101.5 BILLION IN UNAPPROVED FUNDS SHARE TO ALL GROUPS!,1,Synthetic_Augmentation,Synthetic_Fake
BREAKING NEWS: APC PRIMARIES: ALL 7 ZAMFARA INCUMBENT REPS SECURE RETURN TICKETS READ AND SHARE!,1,Synthetic_Augmentation,Synthetic_Fake
"South Africa doesn’t have a leadership crisis: It has a humanity crisis, By Nqobile Pamela Xaba",0,Premium Times,Verified_Real
"URGENT SHARE NOW: INVESTIGATION: THE ILLEGAL TIMBER TRADE FUELLING TERRORISM IN NORTH-CENTRAL NIGERIA, BENIN DON'T IGNORE THIS!",1,Synthetic_Augmentation,Synthetic_Fake
DOWNLOAD: SSS operatives’ N100 million defamation judgement against SERAP,0,Premium Times,Verified_Real
Resource Curse? The only school in this Akwa Ibom oil community lies in ruins,0,Premium Times,Verified_Real
BREAKING NEWS: RESOURCE CURSE? THE ONLY SCHOOL IN THIS AKWA IBOM OIL COMMUNITY LIES IN RUINS SHARE TO ALL GROUPS!,1,Synthetic_Augmentation,Synthetic_Fake
SHOCKING!!! EXCLUSIVE: Why Tinubu fired Wale Edun as finance minister READ AND SHARE!,1,Synthetic_Augmentation,Synthetic_Fake
SPECIAL REPORT: Nigeria’s maritime university upgrade stalls as billions flow into repealed academy,0,Premium Times,Verified_Real
BREAKING NEWS: ﻿UCTH CMD SAYS RELOCATION OF MEDICAL PROFESSIONALS GRADUALLY REDUCING DON'T IGNORE THIS!,1,Synthetic_Augmentation,Synthetic_Fake
SHOCKING!!! OIL-WELL DISPUTE: INSIDE THE REPORT THAT RESTORES CROSS RIVER’S HOPE !!!,1,Synthetic_Augmentation,Synthetic_Fake
SHOCKING!!! Can NDC zoning presidency to South affect Tinubu’s re-election bid? READ AND SHARE!,1,Synthetic_Augmentation,Synthetic_Fake
"BREAKING NEWS: CANDIDATE SELECTION OR CIVILIAN COUP?, BY DAKUKU PETERSIDE !!!",1,Synthetic_Augmentation,Synthetic_Fake
Togo removes visa requirement for African nationals,0,Premium Times,Verified_Real
"YOU WON'T BELIEVE: Chelle picks Osimhen, Lookman for Portugal, Poland friendlies, names seven NPFL stars for Unity Cup !!!",1,Synthetic_Augmentation,Synthetic_Fake
"YOU WON'T BELIEVE: South Africa doesn’t have a leadership crisis: It has a humanity crisis, By Nqobile Pamela Xaba SHARE TO ALL GROUPS!",1,Synthetic_Augmentation,Synthetic_Fake
BREAKING NEWS: Court strikes out deceased deputy governor’s suit DON'T IGNORE THIS!,1,Synthetic_Augmentation,Synthetic_Fake
"URGENT SHARE NOW: JUST IN: Pantami withdraws from Gombe APC governorship primaries, gives reasons FORWARD IMMEDIATELY!",1,Synthetic_Augmentation,Synthetic_Fake
URGENT SHARE NOW: Resource Curse? The only school in this Akwa Ibom oil community lies in ruins FORWARD IMMEDIATELY!,1,Synthetic_Augmentation,Synthetic_Fake
Modern Slavery: Inside Nigerian communities where children are sold into marriage (II),0,Premium Times,Verified_Real
SHOCKING!!! Abia inaugurates biogas pilot project to drive renewable energy – Official SHARE TO ALL GROUPS!,1,Synthetic_Augmentation,Synthetic_Fake
"YOU WON'T BELIEVE: INVESTIGATION: The illegal timber trade fuelling terrorism in North-central Nigeria, Benin FORWARD IMMEDIATELY!",1,Synthetic_Augmentation,Synthetic_Fake
YOU WON'T BELIEVE: ‎Ondo doctors threaten action over alleged decline in welfare and manpower. SHARE TO ALL GROUPS!,1,Synthetic_Augmentation,Synthetic_Fake
SHOCKING!!! Resource Curse? The only school in this Akwa Ibom oil community lies in ruins READ AND SHARE!,1,Synthetic_Augmentation,Synthetic_Fake
BREAKING NEWS: ADD NEW PLAYLIST READ AND SHARE!,1,Synthetic_Augmentation,Synthetic_Fake
URGENT SHARE NOW: 2027: Uzodimma clinches APC Imo West Senatorial District ticket SHARE TO ALL GROUPS!,1,Synthetic_Augmentation,Synthetic_Fake
"CSOs condemn Borno schoolchildren abduction, demand security overhaul",0,Premium Times,Verified_Real
"SHOCKING!!! Content monetisation: The internet is rewarding harm, and women are paying the price, By Chioma Agwuegbo DON'T IGNORE THIS!",1,Synthetic_Augmentation,Synthetic_Fake
YOU WON'T BELIEVE: Oil-well Dispute: Inside the report that restores Cross River’s hope READ AND SHARE!,1,Synthetic_Augmentation,Synthetic_Fake
"CONFIRMED!!! CANDIDATE SELECTION OR CIVILIAN COUP?, BY DAKUKU PETERSIDE DON'T IGNORE THIS!",1,Synthetic_Augmentation,Synthetic_Fake
"YOU WON'T BELIEVE: SOUTH AFRICA DOESN’T HAVE A LEADERSHIP CRISIS: IT HAS A HUMANITY CRISIS, BY NQOBILE PAMELA XABA READ AND SHARE!",1,Synthetic_Augmentation,Synthetic_Fake
Ondo govt closes schools for APC assembly primaries after Monday’s violence,0,Premium Times,Verified_Real
"YOU WON'T BELIEVE: ENUGU, CHINESE FIRM LAUNCH DIGITAL TRAINING FOR STUDENTS SHARE TO ALL GROUPS!",1,Synthetic_Augmentation,Synthetic_Fake
BREAKING NEWS: Our Digital Network FORWARD IMMEDIATELY!,1,Synthetic_Augmentation,Synthetic_Fake
YOU WON'T BELIEVE: LATE ARRIVAL OF OFFICIALS STALLS APC’S STATE ASSEMBLY PRIMARIES IN LAGOS READ AND SHARE!,1,Synthetic_Augmentation,Synthetic_Fake
Why I finally wrote my memoir after 60 years – Gowon,0,Premium Times,Verified_Real
YOU WON'T BELIEVE: Our Digital Network READ AND SHARE!,1,Synthetic_Augmentation,Synthetic_Fake
"YOU WON'T BELIEVE: Eid and the epidemic of empty pockets, By Reuben Abati READ AND SHARE!",1,Synthetic_Augmentation,Synthetic_Fake
"URGENT SHARE NOW: SOUTH AFRICA DOESN’T HAVE A LEADERSHIP CRISIS: IT HAS A HUMANITY CRISIS, BY NQOBILE PAMELA XABA READ AND SHARE!",1,Synthetic_Augmentation,Synthetic_Fake
APC Primaries: Thugs attack electoral official in Kaduna,0,Premium Times,Verified_Real
BREAKING NEWS: Nigeria intensifies surveillance as Ebola outbreak spreads in Central Africa – NCDC SHARE TO ALL GROUPS!,1,Synthetic_Augmentation,Synthetic_Fake
CONFIRMED!!! WIZKID SETS RECORD AS FIRST AFRICAN ARTISTE TO REACH 11 BILLION SPOTIFY STREAMS SHARE TO ALL GROUPS!,1,Synthetic_Augmentation,Synthetic_Fake
"Content monetisation: The internet is rewarding harm, and women are paying the price, By Chioma Agwuegbo",0,Premium Times,Verified_Real
SPECIAL REPORT: Nigeria’s maritime university upgrade stalls as billions flow into repealed academy,0,Premium Times,Verified_Real
"URGENT SHARE NOW: South Africa doesn’t have a leadership crisis: It has a humanity crisis, By Nqobile Pamela Xaba !!!",1,Synthetic_Augmentation,Synthetic_Fake
"BREAKING NEWS: 11 YEARS AGO, DESMOND ELLIOT SWAPPED COSTUMES FOR GAVEL, NOW HE FACES TOUGH SURVIVAL BATTLE FORWARD IMMEDIATELY!",1,Synthetic_Augmentation,Synthetic_Fake
Add New Playlist,0,Premium Times,Verified_Real
CONFIRMED!!! APC Primaries: Thugs attack electoral official in Kaduna FORWARD IMMEDIATELY!,1,Synthetic_Augmentation,Synthetic_Fake
"URGENT SHARE NOW: NDC AS THE NEW FRONTIER OF OPPOSITION, BY MAJEED DAHIRU DON'T IGNORE THIS!",1,Synthetic_Augmentation,Synthetic_Fake
"CONFIRMED!!! 2027: Barau, Shekarau, Kawu emerge as Kano APC senatorial candidates unopposed !!!",1,Synthetic_Augmentation,Synthetic_Fake
"URGENT SHARE NOW: DHQ gives update on Nigeria-US operations against Islamic State, says 175 terrorists killed SHARE TO ALL GROUPS!",1,Synthetic_Augmentation,Synthetic_Fake
URGENT SHARE NOW: UPDATED: EFCC ARRESTS FLEEING CONVICTED EX-POWER MINISTER DON'T IGNORE THIS!,1,Synthetic_Augmentation,Synthetic_Fake
Fiscal Breach Uncovered: How Imo under Uzodinma spent N101.5 billion in unapproved funds,0,Premium Times,Verified_Real
EXCLUSIVE: Why Tinubu fired Wale Edun as finance minister,0,Premium Times,Verified_Real
YOU WON'T BELIEVE: Resource Curse? The only school in this Akwa Ibom oil community lies in ruins READ AND SHARE!,1,Synthetic_Augmentation,Synthetic_Fake
Oil-well Dispute: Inside the report that restores Cross River’s hope,0,Premium Times,Verified_Real
APC Primaries: Adebule emerges Lagos West candidate unopposed,0,Premium Times,Verified_Real
"BREAKING NEWS: CSOS CONDEMN BORNO SCHOOLCHILDREN ABDUCTION, DEMAND SECURITY OVERHAUL DON'T IGNORE THIS!",1,Synthetic_Augmentation,Synthetic_Fake
"BREAKING NEWS: APC returns incumbents, picks new faces in Osun primaries FORWARD IMMEDIATELY!",1,Synthetic_Augmentation,Synthetic_Fake
YOU WON'T BELIEVE: DRC-UGANDA EBOLA EMERGENCY FOLLOWED IHR PROCEDURES — WHO !!!,1,Synthetic_Augmentation,Synthetic_Fake
"Eid and the epidemic of empty pockets, By Reuben Abati",0,Premium Times,Verified_Real
"SHOCKING!!! Chelle picks Osimhen, Lookman for Portugal, Poland friendlies, names seven NPFL stars for Unity Cup !!!",1,Synthetic_Augmentation,Synthetic_Fake
"Content monetisation: The internet is rewarding harm, and women are paying the price, By Chioma Agwuegbo",0,Premium Times,Verified_Real
CONFIRMED!!! SPECIAL REPORT: NIGERIA’S MARITIME UNIVERSITY UPGRADE STALLS AS BILLIONS FLOW INTO REPEALED ACADEMY !!!,1,Synthetic_Augmentation,Synthetic_Fake
ADC screens over 70 governorship aspirants ahead of primaries,0,Premium Times,Verified_Real
SHOCKING!!! DOCTORS SUSPEND STRIKE IN AKWA IBOM AFTER EFCC CHAIR’S APOLOGY DON'T IGNORE THIS!,1,Synthetic_Augmentation,Synthetic_Fake
YOU WON'T BELIEVE: DOWNLOAD: SSS operatives’ N100 million defamation judgement against SERAP DON'T IGNORE THIS!,1,Synthetic_Augmentation,Synthetic_Fake
"URGENT SHARE NOW: CANDIDATE SELECTION OR CIVILIAN COUP?, BY DAKUKU PETERSIDE DON'T IGNORE THIS!",1,Synthetic_Augmentation,Synthetic_Fake
YOU WON'T BELIEVE: FISCAL BREACH UNCOVERED: HOW IMO UNDER UZODINMA SPENT N101.5 BILLION IN UNAPPROVED FUNDS SHARE TO ALL GROUPS!,1,Synthetic_Augmentation,Synthetic_Fake
"URGENT SHARE NOW: EID AND THE EPIDEMIC OF EMPTY POCKETS, BY REUBEN ABATI DON'T IGNORE THIS!",1,Synthetic_Augmentation,Synthetic_Fake
URGENT SHARE NOW: Modern Slavery: Inside Nigerian communities where children are sold into marriage (II) FORWARD IMMEDIATELY!,1,Synthetic_Augmentation,Synthetic_Fake
Late arrival of officials stalls APC’s state assembly primaries in Lagos,0,Premium Times,Verified_Real
EXCLUSIVE: Why Tinubu fired Wale Edun as finance minister,0,Premium Times,Verified_Real
SHOCKING!!! SPECIAL REPORT: NIGERIA’S MARITIME UNIVERSITY UPGRADE STALLS AS BILLIONS FLOW INTO REPEALED ACADEMY !!!,1,Synthetic_Augmentation,Synthetic_Fake
YOU WON'T BELIEVE: APC Primaries: Thugs attack electoral official in Kaduna FORWARD IMMEDIATELY!,1,Synthetic_Augmentation,Synthetic_Fake
"APC returns incumbents, picks new faces in Osun primaries",0,Premium Times,Verified_Real
"BREAKING NEWS: APC PRIMARIES: SENATE SPOKESPERSON, OTHER SERVING EKITI SENATORS WIN RETURN TICKETS !!!",1,Synthetic_Augmentation,Synthetic_Fake
"APC Primaries: Senate spokesperson, other serving Ekiti senators win return tickets",0,Premium Times,Verified_Real
CONFIRMED!!! MODERN SLAVERY: INSIDE NIGERIAN COMMUNITIES WHERE CHILDREN ARE SOLD INTO MARRIAGE (II) DON'T IGNORE THIS!,1,Synthetic_Augmentation,Synthetic_Fake
"Aspirants reject result of APC primary in Ekiti, demand cancellation",0,Premium Times,Verified_Real
"SHOCKING!!! CONTENT MONETISATION: THE INTERNET IS REWARDING HARM, AND WOMEN ARE PAYING THE PRICE, BY CHIOMA AGWUEGBO !!!",1,Synthetic_Augmentation,Synthetic_Fake
"CONFIRMED!!! OAU inducts 157 medical, dental graduates READ AND SHARE!",1,Synthetic_Augmentation,Synthetic_Fake
CONFIRMED!!! APC Primaries: Thugs attack electoral official in Kaduna READ AND SHARE!,1,Synthetic_Augmentation,Synthetic_Fake
EXCLUSIVE: Why Tinubu fired Wale Edun as finance minister,0,Premium Times,Verified_Real
BREAKING NEWS: COURT BEGINS CONTEMPT PROCEEDINGS AGAINST FCCPC OVER ALLEGED BREACH OF DIGITAL LENDING ORDER SHARE TO ALL GROUPS!,1,Synthetic_Augmentation,Synthetic_Fake
"SHOCKING!!! Candidate selection or civilian coup?, By Dakuku Peterside !!!",1,Synthetic_Augmentation,Synthetic_Fake
"BREAKING NEWS: NDC AS THE NEW FRONTIER OF OPPOSITION, BY MAJEED DAHIRU READ AND SHARE!",1,Synthetic_Augmentation,Synthetic_Fake
BREAKING NEWS: SPECIAL REPORT: Nigeria’s maritime university upgrade stalls as billions flow into repealed academy READ AND SHARE!,1,Synthetic_Augmentation,Synthetic_Fake
CONFIRMED!!! Resource Curse? The only school in this Akwa Ibom oil community lies in ruins !!!,1,Synthetic_Augmentation,Synthetic_Fake
"SHOCKING!!! EID AND THE EPIDEMIC OF EMPTY POCKETS, BY REUBEN ABATI SHARE TO ALL GROUPS!",1,Synthetic_Augmentation,Synthetic_Fake
URGENT SHARE NOW: INVESTIGATION: INSIDE NIGERIAN COMMUNITIES WHERE CHILDREN ARE FORCED INTO MARRIAGE (1) !!!,1,Synthetic_Augmentation,Synthetic_Fake
URGENT SHARE NOW: MODERN SLAVERY: INSIDE NIGERIAN COMMUNITIES WHERE CHILDREN ARE SOLD INTO MARRIAGE (II) DON'T IGNORE THIS!,1,Synthetic_Augmentation,Synthetic_Fake
"BREAKING NEWS: South Africa doesn’t have a leadership crisis: It has a humanity crisis, By Nqobile Pamela Xaba DON'T IGNORE THIS!",1,Synthetic_Augmentation,Synthetic_Fake
Court strikes out deceased deputy governor’s suit,0,Premium Times,Verified_Real
2027: Uzodimma clinches APC Imo West Senatorial District ticket,0,Premium Times,Verified_Real
"URGENT SHARE NOW: EID AND THE EPIDEMIC OF EMPTY POCKETS, BY REUBEN ABATI SHARE TO ALL GROUPS!",1,Synthetic_Augmentation,Synthetic_Fake
"YOU WON'T BELIEVE: NDC as the new frontier of opposition, By Majeed Dahiru READ AND SHARE!",1,Synthetic_Augmentation,Synthetic_Fake
"SHOCKING!!! CONTENT MONETISATION: THE INTERNET IS REWARDING HARM, AND WOMEN ARE PAYING THE PRICE, BY CHIOMA AGWUEGBO SHARE TO ALL GROUPS!",1,Synthetic_Augmentation,Synthetic_Fake
"CONFIRMED!!! FG to scale up caregiver training, certification to boost care economy FORWARD IMMEDIATELY!",1,Synthetic_Augmentation,Synthetic_Fake
CONFIRMED!!! Oil-well Dispute: Inside the report that restores Cross River’s hope READ AND SHARE!,1,Synthetic_Augmentation,Synthetic_Fake
URGENT SHARE NOW: Nigerian athlete shot dead days before MBA graduation in United States FORWARD IMMEDIATELY!,1,Synthetic_Augmentation,Synthetic_Fake
Modern Slavery: Inside Nigerian communities where children are sold into marriage (II),0,Premium Times,Verified_Real
"How close associates betrayed, overthrew me — Gowon",0,Premium Times,Verified_Real
"BREAKING NEWS: ASPIRANTS REJECT RESULT OF APC PRIMARY IN EKITI, DEMAND CANCELLATION !!!",1,Synthetic_Augmentation,Synthetic_Fake
"YOU WON'T BELIEVE: 2027: DESPITE FORGERY SCANDAL, WIKE’S PDP FACTION CLEARS EX-MINISTER UCHE NNAJI READ AND SHARE!",1,Synthetic_Augmentation,Synthetic_Fake
"2027: Dafinone defeats Omo-Agege, wins APC senatorial ticket in Delta",0,Premium Times,Verified_Real
Resource Curse? The only school in this Akwa Ibom oil community lies in ruins,0,Premium Times,Verified_Real
"Sowore refuses to enter defence in cyber-bullying trial, writes Chief Judge for case transfer",0,Premium Times,Verified_Real
"BREAKING NEWS: 2027: Dafinone defeats Omo-Agege, wins APC senatorial ticket in Delta READ AND SHARE!",1,Synthetic_Augmentation,Synthetic_Fake
URGENT SHARE NOW: ADC begins screening of governorship aspirants FORWARD IMMEDIATELY!,1,Synthetic_Augmentation,Synthetic_Fake
Fiscal Breach Uncovered: How Imo under Uzodinma spent N101.5 billion in unapproved funds,0,Premium Times,Verified_Real
BREAKING NEWS: DOWNLOAD: SSS operatives’ N100 million defamation judgement against SERAP FORWARD IMMEDIATELY!,1,Synthetic_Augmentation,Synthetic_Fake
"URGENT SHARE NOW: SOUTH AFRICA DOESN’T HAVE A LEADERSHIP CRISIS: IT HAS A HUMANITY CRISIS, BY NQOBILE PAMELA XABA READ AND SHARE!",1,Synthetic_Augmentation,Synthetic_Fake
YOU WON'T BELIEVE: KUKAH RECOUNTS GOWON’S POST-EXILE LIFE AFTER OUSTER FROM POWER READ AND SHARE!,1,Synthetic_Augmentation,Synthetic_Fake
BREAKING NEWS: PROJECTS & PARTNERSHIPS DON'T IGNORE THIS!,1,Synthetic_Augmentation,Synthetic_Fake
"SHOCKING!!! 2027: BARAU, SHEKARAU, KAWU EMERGE AS KANO APC SENATORIAL CANDIDATES UNOPPOSED DON'T IGNORE THIS!",1,Synthetic_Augmentation,Synthetic_Fake
BREAKING NEWS: Nigeria intensifies surveillance as Ebola outbreak spreads in Central Africa – NCDC !!!,1,Synthetic_Augmentation,Synthetic_Fake
URGENT SHARE NOW: Our Digital Network FORWARD IMMEDIATELY!,1,Synthetic_Augmentation,Synthetic_Fake
"BREAKING NEWS: SOWORE REFUSES TO ENTER DEFENCE IN CYBER-BULLYING TRIAL, WRITES CHIEF JUDGE FOR CASE TRANSFER SHARE TO ALL GROUPS!",1,Synthetic_Augmentation,Synthetic_Fake
"BREAKING NEWS: Inside the informant networks undermining Nigeria’s anti-banditry campaign, By Samuel Aruwan !!!",1,Synthetic_Augmentation,Synthetic_Fake
"South Africa doesn’t have a leadership crisis: It has a humanity crisis, By Nqobile Pamela Xaba",0,Premium Times,Verified_Real
"SHOCKING!!! INVESTIGATION: THE ILLEGAL TIMBER TRADE FUELLING TERRORISM IN NORTH-CENTRAL NIGERIA, BENIN DON'T IGNORE THIS!",1,Synthetic_Augmentation,Synthetic_Fake
"CONFIRMED!!! ENUGU, CHINESE FIRM LAUNCH DIGITAL TRAINING FOR STUDENTS READ AND SHARE!",1,Synthetic_Augmentation,Synthetic_Fake
"Gowon Memoir: Jonathan, Sultan, rally Nigerians to preserve history",0,Premium Times,Verified_Real
SHOCKING!!! Fiscal Breach Uncovered: How Imo under Uzodinma spent N101.5 billion in unapproved funds SHARE TO ALL GROUPS!,1,Synthetic_Augmentation,Synthetic_Fake
SHOCKING!!! Falana petitions African Commission over xenophobia attacks in South Africa SHARE TO ALL GROUPS!,1,Synthetic_Augmentation,Synthetic_Fake
"Kano teacher remanded, school shut over alleged sexual abuse of pupils",0,Premium Times,Verified_Real
UniAbuja student wins Amnesty International’s 2026 inter-varsity debate,0,Premium Times,Verified_Real
"YOU WON'T BELIEVE: 2027: Orji Kalu, Atuma win APC senatorial tickets in Abia FORWARD IMMEDIATELY!",1,Synthetic_Augmentation,Synthetic_Fake
URGENT SHARE NOW: COURT STRIKES OUT DECEASED DEPUTY GOVERNOR’S SUIT FORWARD IMMEDIATELY!,1,Synthetic_Augmentation,Synthetic_Fake
BREAKING NEWS: Fiscal Breach Uncovered: How Imo under Uzodinma spent N101.5 billion in unapproved funds READ AND SHARE!,1,Synthetic_Augmentation,Synthetic_Fake
"URGENT SHARE NOW: Eid and the epidemic of empty pockets, By Reuben Abati !!!",1,Synthetic_Augmentation,Synthetic_Fake
"After 15 years in the Senate, Goje loses APC primary",0,Premium Times,Verified_Real
SHOCKING!!! APC PRIMARIES SWEEP OUT OVER 50 REPS AHEAD OF 2027 ELECTIONS DON'T IGNORE THIS!,1,Synthetic_Augmentation,Synthetic_Fake
YOU WON'T BELIEVE: EPL: ARSENAL MOVE FIVE POINTS CLEAR AFTER SLIM WIN OVER BURNLEY DON'T IGNORE THIS!,1,Synthetic_Augmentation,Synthetic_Fake
CONFIRMED!!! 2027: APC APPEAL COMMITTEE RECEIVES 5 PETITIONS ON DELTA NASS PRIMARIES DON'T IGNORE THIS!,1,Synthetic_Augmentation,Synthetic_Fake
URGENT SHARE NOW: OUR DIGITAL NETWORK FORWARD IMMEDIATELY!,1,Synthetic_Augmentation,Synthetic_Fake
BREAKING NEWS: SPECIAL REPORT: How families coped with 10-year closure of 23 schools in Oyo !!!,1,Synthetic_Augmentation,Synthetic_Fake
URGENT SHARE NOW: RESOURCE CURSE? THE ONLY SCHOOL IN THIS AKWA IBOM OIL COMMUNITY LIES IN RUINS READ AND SHARE!,1,Synthetic_Augmentation,Synthetic_Fake
"URGENT SHARE NOW: CONTENT MONETISATION: THE INTERNET IS REWARDING HARM, AND WOMEN ARE PAYING THE PRICE, BY CHIOMA AGWUEGBO DON'T IGNORE THIS!",1,Synthetic_Augmentation,Synthetic_Fake
YOU WON'T BELIEVE: Add New Playlist READ AND SHARE!,1,Synthetic_Augmentation,Synthetic_Fake
YOU WON'T BELIEVE: LAWYERS CRITICAL TO ENDING CORRUPTION IN NIGERIA – NBA COMMITTEE !!!,1,Synthetic_Augmentation,Synthetic_Fake
BREAKING NEWS: Resource Curse? The only school in this Akwa Ibom oil community lies in ruins SHARE TO ALL GROUPS!,1,Synthetic_Augmentation,Synthetic_Fake
"SHOCKING!!! NDC as the new frontier of opposition, By Majeed Dahiru FORWARD IMMEDIATELY!",1,Synthetic_Augmentation,Synthetic_Fake
Modern Slavery: Inside Nigerian communities where children are sold into marriage (II),0,Premium Times,Verified_Real
"YOU WON'T BELIEVE: Candidate selection or civilian coup?, By Dakuku Peterside FORWARD IMMEDIATELY!",1,Synthetic_Augmentation,Synthetic_Fake
Can NDC zoning presidency to South affect Tinubu’s re-election bid?,0,Premium Times,Verified_Real
"CONFIRMED!!! 11 years ago, Desmond Elliot swapped costumes for gavel, now he faces tough survival battle !!!",1,Synthetic_Augmentation,Synthetic_Fake
Doctors suspend strike in Akwa Ibom after EFCC chair’s apology,0,Premium Times,Verified_Real
SHOCKING!!! SPECIAL REPORT: HOW FAMILIES COPED WITH 10-YEAR CLOSURE OF 23 SCHOOLS IN OYO SHARE TO ALL GROUPS!,1,Synthetic_Augmentation,Synthetic_Fake
"BREAKING NEWS: Content monetisation: The internet is rewarding harm, and women are paying the price, By Chioma Agwuegbo FORWARD IMMEDIATELY!",1,Synthetic_Augmentation,Synthetic_Fake
SHOCKING!!! Fiscal Breach Uncovered: How Imo under Uzodinma spent N101.5 billion in unapproved funds DON'T IGNORE THIS!,1,Synthetic_Augmentation,Synthetic_Fake
"CONFIRMED!!! Eid and the epidemic of empty pockets, By Reuben Abati SHARE TO ALL GROUPS!",1,Synthetic_Augmentation,Synthetic_Fake
"SHOCKING!!! APC RETURNS INCUMBENTS, PICKS NEW FACES IN OSUN PRIMARIES DON'T IGNORE THIS!",1,Synthetic_Augmentation,Synthetic_Fake
"URGENT SHARE NOW: INSIDE THE INFORMANT NETWORKS UNDERMINING NIGERIA’S ANTI-BANDITRY CAMPAIGN, BY SAMUEL ARUWAN DON'T IGNORE THIS!",1,Synthetic_Augmentation,Synthetic_Fake
CONFIRMED!!! INVESTIGATION: INSIDE NIGERIAN COMMUNITIES WHERE CHILDREN ARE FORCED INTO MARRIAGE (1) FORWARD IMMEDIATELY!,1,Synthetic_Augmentation,Synthetic_Fake
"NDC as the new frontier of opposition, By Majeed Dahiru",0,Premium Times,Verified_Real
YOU WON'T BELIEVE: OIL-WELL DISPUTE: INSIDE THE REPORT THAT RESTORES CROSS RIVER’S HOPE DON'T IGNORE THIS!,1,Synthetic_Augmentation,Synthetic_Fake
BREAKING NEWS: DRC-UGANDA EBOLA EMERGENCY FOLLOWED IHR PROCEDURES — WHO FORWARD IMMEDIATELY!,1,Synthetic_Augmentation,Synthetic_Fake
SHOCKING!!! ADC SCREENS OVER 70 GOVERNORSHIP ASPIRANTS AHEAD OF PRIMARIES SHARE TO ALL GROUPS!,1,Synthetic_Augmentation,Synthetic_Fake
"BREAKING NEWS: 2027: Dafinone defeats Omo-Agege, wins APC senatorial ticket in Delta DON'T IGNORE THIS!",1,Synthetic_Augmentation,Synthetic_Fake
"BREAKING NEWS: CANDIDATE SELECTION OR CIVILIAN COUP?, BY DAKUKU PETERSIDE READ AND SHARE!",1,Synthetic_Augmentation,Synthetic_Fake
"Gowon’s Autobiography: T.Y. Danjuma donates N3bn, Dangote N500m",0,Premium Times,Verified_Real
CONFIRMED!!! Fiscal Breach Uncovered: How Imo under Uzodinma spent N101.5 billion in unapproved funds !!!,1,Synthetic_Augmentation,Synthetic_Fake
"SHOCKING!!! INVESTIGATION: THE ILLEGAL TIMBER TRADE FUELLING TERRORISM IN NORTH-CENTRAL NIGERIA, BENIN !!!",1,Synthetic_Augmentation,Synthetic_Fake
"SHOCKING!!! Content monetisation: The internet is rewarding harm, and women are paying the price, By Chioma Agwuegbo DON'T IGNORE THIS!",1,Synthetic_Augmentation,Synthetic_Fake
"Eid and the epidemic of empty pockets, By Reuben Abati",0,Premium Times,Verified_Real
"2027: ‘I’m 63, you can’t call me boy, be careful!’ Kano governor warns Kwankwaso",0,Premium Times,Verified_Real
"BREAKING NEWS: Candidate selection or civilian coup?, By Dakuku Peterside DON'T IGNORE THIS!",1,Synthetic_Augmentation,Synthetic_Fake
BREAKING NEWS: Fiscal Breach Uncovered: How Imo under Uzodinma spent N101.5 billion in unapproved funds FORWARD IMMEDIATELY!,1,Synthetic_Augmentation,Synthetic_Fake
APC Primaries: Abiru secures Lagos East ticket unopposed for third term,0,Premium Times,Verified_Real
Kukah recounts Gowon’s post-exile life after ouster from power,0,Premium Times,Verified_Real
"Eid and the epidemic of empty pockets, By Reuben Abati",0,Premium Times,Verified_Real
URGENT SHARE NOW: EFCC HANDS OVER RECOVERED N837MILLION TO KATSINA GOVERNMENT FORWARD IMMEDIATELY!,1,Synthetic_Augmentation,Synthetic_Fake
"SHOCKING!!! PenCom, NLC move against pension non-remittance by employers SHARE TO ALL GROUPS!",1,Synthetic_Augmentation,Synthetic_Fake
YOU WON'T BELIEVE: SPECIAL REPORT: Nigeria’s maritime university upgrade stalls as billions flow into repealed academy SHARE TO ALL GROUPS!,1,Synthetic_Augmentation,Synthetic_Fake
"YOU WON'T BELIEVE: AFTER 15 YEARS IN THE SENATE, GOJE LOSES APC PRIMARY !!!",1,Synthetic_Augmentation,Synthetic_Fake
"URGENT SHARE NOW: WHO DECLARES EBOLA OUTBREAK IN DRC, UGANDA GLOBAL HEALTH EMERGENCY DON'T IGNORE THIS!",1,Synthetic_Augmentation,Synthetic_Fake
"URGENT SHARE NOW: 2027: DESPITE FORGERY SCANDAL, WIKE’S PDP FACTION CLEARS EX-MINISTER UCHE NNAJI !!!",1,Synthetic_Augmentation,Synthetic_Fake
"CONFIRMED!!! EID AND THE EPIDEMIC OF EMPTY POCKETS, BY REUBEN ABATI !!!",1,Synthetic_Augmentation,Synthetic_Fake
SPECIAL REPORT: How families coped with 10-year closure of 23 schools in Oyo,0,Premium Times,Verified_Real
YOU WON'T BELIEVE: DOWNLOAD: SSS OPERATIVES’ N100 MILLION DEFAMATION JUDGEMENT AGAINST SERAP !!!,1,Synthetic_Augmentation,Synthetic_Fake
Falana petitions African Commission over xenophobia attacks in South Africa,0,Premium Times,Verified_Real
SPECIAL REPORT: Nigeria’s maritime university upgrade stalls as billions flow into repealed academy,0,Premium Times,Verified_Real
SHOCKING!!! Oil-well Dispute: Inside the report that restores Cross River’s hope READ AND SHARE!,1,Synthetic_Augmentation,Synthetic_Fake
"YOU WON'T BELIEVE: CONTENT MONETISATION: THE INTERNET IS REWARDING HARM, AND WOMEN ARE PAYING THE PRICE, BY CHIOMA AGWUEGBO READ AND SHARE!",1,Synthetic_Augmentation,Synthetic_Fake
CONFIRMED!!! ABDULRAZAQ ENDORSES GOVERNORSHIP ASPIRANT AMID KWARA APC TENSIONS FORWARD IMMEDIATELY!,1,Synthetic_Augmentation,Synthetic_Fake
URGENT SHARE NOW: NIGERIAN ATHLETE SHOT DEAD DAYS BEFORE MBA GRADUATION IN UNITED STATES !!!,1,Synthetic_Augmentation,Synthetic_Fake
"BREAKING NEWS: EID AND THE EPIDEMIC OF EMPTY POCKETS, BY REUBEN ABATI FORWARD IMMEDIATELY!",1,Synthetic_Augmentation,Synthetic_Fake
Projects & Partnerships,0,Premium Times,Verified_Real
"AFCON 2027 Qualifiers: Nigeria to battle Madagascar, Guinea-Bissau for ticket",0,Premium Times,Verified_Real
"URGENT SHARE NOW: KANO TEACHER REMANDED, SCHOOL SHUT OVER ALLEGED SEXUAL ABUSE OF PUPILS SHARE TO ALL GROUPS!",1,Synthetic_Augmentation,Synthetic_Fake
"YOU WON'T BELIEVE: APC PRIMARIES: SENATE SPOKESPERSON, OTHER SERVING EKITI SENATORS WIN RETURN TICKETS READ AND SHARE!",1,Synthetic_Augmentation,Synthetic_Fake
YOU WON'T BELIEVE: DOWNLOAD: SSS operatives’ N100 million defamation judgement against SERAP READ AND SHARE!,1,Synthetic_Augmentation,Synthetic_Fake
"URGENT SHARE NOW: CHELLE PICKS OSIMHEN, LOOKMAN FOR PORTUGAL, POLAND FRIENDLIES, NAMES SEVEN NPFL STARS FOR UNITY CUP !!!",1,Synthetic_Augmentation,Synthetic_Fake
"URGENT SHARE NOW: Aspirants reject result of APC primary in Ekiti, demand cancellation SHARE TO ALL GROUPS!",1,Synthetic_Augmentation,Synthetic_Fake
BREAKING NEWS: Fiscal Breach Uncovered: How Imo under Uzodinma spent N101.5 billion in unapproved funds READ AND SHARE!,1,Synthetic_Augmentation,Synthetic_Fake
"SHOCKING!!! Inside the informant networks undermining Nigeria’s anti-banditry campaign, By Samuel Aruwan READ AND SHARE!",1,Synthetic_Augmentation,Synthetic_Fake
"South Africa doesn’t have a leadership crisis: It has a humanity crisis, By Nqobile Pamela Xaba",0,Premium Times,Verified_Real
"CONFIRMED!!! CANDIDATE SELECTION OR CIVILIAN COUP?, BY DAKUKU PETERSIDE FORWARD IMMEDIATELY!",1,Synthetic_Augmentation,Synthetic_Fake
SHOCKING!!! APC PRIMARIES: ADEBULE EMERGES LAGOS WEST CANDIDATE UNOPPOSED READ AND SHARE!,1,Synthetic_Augmentation,Synthetic_Fake
"YOU WON'T BELIEVE: CANDIDATE SELECTION OR CIVILIAN COUP?, BY DAKUKU PETERSIDE FORWARD IMMEDIATELY!",1,Synthetic_Augmentation,Synthetic_Fake
BREAKING NEWS: Can NDC zoning presidency to South affect Tinubu’s re-election bid? READ AND SHARE!,1,Synthetic_Augmentation,Synthetic_Fake
CONFIRMED!!! Lawyers critical to ending corruption in Nigeria – NBA committee FORWARD IMMEDIATELY!,1,Synthetic_Augmentation,Synthetic_Fake
SHOCKING!!! CROSS RIVER SENATOR REJECTS APC PRIMARY ELECTION RESULTS FORWARD IMMEDIATELY!,1,Synthetic_Augmentation,Synthetic_Fake
2027: APC appeal committee receives 5 petitions on Delta NASS primaries,0,Premium Times,Verified_Real
Fiscal Breach Uncovered: How Imo under Uzodinma spent N101.5 billion in unapproved funds,0,Premium Times,Verified_Real
"URGENT SHARE NOW: NDC as the new frontier of opposition, By Majeed Dahiru DON'T IGNORE THIS!",1,Synthetic_Augmentation,Synthetic_Fake
"BREAKING NEWS: INVESTIGATION: THE ILLEGAL TIMBER TRADE FUELLING TERRORISM IN NORTH-CENTRAL NIGERIA, BENIN FORWARD IMMEDIATELY!",1,Synthetic_Augmentation,Synthetic_Fake
CONFIRMED!!! APC PRIMARIES SWEEP OUT OVER 50 REPS AHEAD OF 2027 ELECTIONS !!!,1,Synthetic_Augmentation,Synthetic_Fake
URGENT SHARE NOW: EXCLUSIVE: Why Tinubu fired Wale Edun as finance minister !!!,1,Synthetic_Augmentation,Synthetic_Fake
BREAKING NEWS: PROJECTS & PARTNERSHIPS FORWARD IMMEDIATELY!,1,Synthetic_Augmentation,Synthetic_Fake
"URGENT SHARE NOW: 2027: BARAU, SHEKARAU, KAWU EMERGE AS KANO APC SENATORIAL CANDIDATES UNOPPOSED DON'T IGNORE THIS!",1,Synthetic_Augmentation,Synthetic_Fake
"INVESTIGATION: The illegal timber trade fuelling terrorism in North-central Nigeria, Benin",0,Premium Times,Verified_Real
BREAKING NEWS: INVESTIGATION: Inside Nigerian communities where children are forced into marriage (1) FORWARD IMMEDIATELY!,1,Synthetic_Augmentation,Synthetic_Fake
"BREAKING NEWS: Candidate selection or civilian coup?, By Dakuku Peterside DON'T IGNORE THIS!",1,Synthetic_Augmentation,Synthetic_Fake
URGENT SHARE NOW: Modern Slavery: Inside Nigerian communities where children are sold into marriage (II) FORWARD IMMEDIATELY!,1,Synthetic_Augmentation,Synthetic_Fake
"BREAKING NEWS: INSIDE THE INFORMANT NETWORKS UNDERMINING NIGERIA’S ANTI-BANDITRY CAMPAIGN, BY SAMUEL ARUWAN SHARE TO ALL GROUPS!",1,Synthetic_Augmentation,Synthetic_Fake
URGENT SHARE NOW: RETRIEVE YOUR PASSWORD SHARE TO ALL GROUPS!,1,Synthetic_Augmentation,Synthetic_Fake
"CONFIRMED!!! CONTENT MONETISATION: THE INTERNET IS REWARDING HARM, AND WOMEN ARE PAYING THE PRICE, BY CHIOMA AGWUEGBO FORWARD IMMEDIATELY!",1,Synthetic_Augmentation,Synthetic_Fake
SPECIAL REPORT: How families coped with 10-year closure of 23 schools in Oyo,0,Premium Times,Verified_Real
"BREAKING NEWS: Candidate selection or civilian coup?, By Dakuku Peterside FORWARD IMMEDIATELY!",1,Synthetic_Augmentation,Synthetic_Fake
CONFIRMED!!! INVESTIGATION: INSIDE NIGERIAN COMMUNITIES WHERE CHILDREN ARE FORCED INTO MARRIAGE (1) SHARE TO ALL GROUPS!,1,Synthetic_Augmentation,Synthetic_Fake
"YOU WON'T BELIEVE: APC returns incumbents, picks new faces in Osun primaries !!!",1,Synthetic_Augmentation,Synthetic_Fake
CONFIRMED!!! LECTURERS AT UNIVERSITY OF CROSS RIVER BEGIN INDEFINITE STRIKE FORWARD IMMEDIATELY!,1,Synthetic_Augmentation,Synthetic_Fake
"BREAKING NEWS: HOW CLOSE ASSOCIATES BETRAYED, OVERTHREW ME — GOWON READ AND SHARE!",1,Synthetic_Augmentation,Synthetic_Fake
Add New Playlist,0,Premium Times,Verified_Real
"CONFIRMED!!! NDC as the new frontier of opposition, By Majeed Dahiru FORWARD IMMEDIATELY!",1,Synthetic_Augmentation,Synthetic_Fake
"PenCom, NLC move against pension non-remittance by employers",0,Premium Times,Verified_Real
Oil-well Dispute: Inside the report that restores Cross River’s hope,0,Premium Times,Verified_Real
"BREAKING NEWS: SOUTH AFRICA DOESN’T HAVE A LEADERSHIP CRISIS: IT HAS A HUMANITY CRISIS, BY NQOBILE PAMELA XABA !!!",1,Synthetic_Augmentation,Synthetic_Fake
"URGENT SHARE NOW: South Africa doesn’t have a leadership crisis: It has a humanity crisis, By Nqobile Pamela Xaba FORWARD IMMEDIATELY!",1,Synthetic_Augmentation,Synthetic_Fake
URGENT SHARE NOW: Modern Slavery: Inside Nigerian communities where children are sold into marriage (II) !!!,1,Synthetic_Augmentation,Synthetic_Fake
BREAKING NEWS: PROJECTS & PARTNERSHIPS SHARE TO ALL GROUPS!,1,Synthetic_Augmentation,Synthetic_Fake
‎Ondo doctors threaten action over alleged decline in welfare and manpower.,0,Premium Times,Verified_Real
YOU WON'T BELIEVE: DOWNLOAD: SSS OPERATIVES’ N100 MILLION DEFAMATION JUDGEMENT AGAINST SERAP DON'T IGNORE THIS!,1,Synthetic_Augmentation,Synthetic_Fake
"CONFIRMED!!! 2027: Dafinone defeats Omo-Agege, wins APC senatorial ticket in Delta !!!",1,Synthetic_Augmentation,Synthetic_Fake
"URGENT SHARE NOW: DHQ gives update on Nigeria-US operations against Islamic State, says 175 terrorists killed !!!",1,Synthetic_Augmentation,Synthetic_Fake
SHOCKING!!! Oil-well Dispute: Inside the report that restores Cross River’s hope DON'T IGNORE THIS!,1,Synthetic_Augmentation,Synthetic_Fake
"URGENT SHARE NOW: OAU INDUCTS 157 MEDICAL, DENTAL GRADUATES SHARE TO ALL GROUPS!",1,Synthetic_Augmentation,Synthetic_Fake
"URGENT SHARE NOW: Inside the informant networks undermining Nigeria’s anti-banditry campaign, By Samuel Aruwan !!!",1,Synthetic_Augmentation,Synthetic_Fake
Retrieve your password,0,Premium Times,Verified_Real
Projects & Partnerships,0,Premium Times,Verified_Real
CONFIRMED!!! Our Digital Network FORWARD IMMEDIATELY!,1,Synthetic_Augmentation,Synthetic_Fake
URGENT SHARE NOW: EXCLUSIVE: WHY TINUBU FIRED WALE EDUN AS FINANCE MINISTER DON'T IGNORE THIS!,1,Synthetic_Augmentation,Synthetic_Fake
"CONFIRMED!!! 2027: BARAU, SHEKARAU, KAWU EMERGE AS KANO APC SENATORIAL CANDIDATES UNOPPOSED DON'T IGNORE THIS!",1,Synthetic_Augmentation,Synthetic_Fake
"YOU WON'T BELIEVE: Chelle picks Osimhen, Lookman for Portugal, Poland friendlies, names seven NPFL stars for Unity Cup READ AND SHARE!",1,Synthetic_Augmentation,Synthetic_Fake
"YOU WON'T BELIEVE: Inside the informant networks undermining Nigeria’s anti-banditry campaign, By Samuel Aruwan READ AND SHARE!",1,Synthetic_Augmentation,Synthetic_Fake
"SHOCKING!!! Content monetisation: The internet is rewarding harm, and women are paying the price, By Chioma Agwuegbo FORWARD IMMEDIATELY!",1,Synthetic_Augmentation,Synthetic_Fake
Modern Slavery: Inside Nigerian communities where children are sold into marriage (II),0,Premium Times,Verified_Real
BREAKING NEWS: Why I supported Lagos Speaker Obasa’s removal — Desmond Elliott SHARE TO ALL GROUPS!,1,Synthetic_Augmentation,Synthetic_Fake
"URGENT SHARE NOW: Candidate selection or civilian coup?, By Dakuku Peterside SHARE TO ALL GROUPS!",1,Synthetic_Augmentation,Synthetic_Fake
"YOU WON'T BELIEVE: Candidate selection or civilian coup?, By Dakuku Peterside DON'T IGNORE THIS!",1,Synthetic_Augmentation,Synthetic_Fake
"URGENT SHARE NOW: CANDIDATE SELECTION OR CIVILIAN COUP?, BY DAKUKU PETERSIDE SHARE TO ALL GROUPS!",1,Synthetic_Augmentation,Synthetic_Fake
"CONFIRMED!!! FG to scale up caregiver training, certification to boost care economy !!!",1,Synthetic_Augmentation,Synthetic_Fake
"URGENT SHARE NOW: HOW CLOSE ASSOCIATES BETRAYED, OVERTHREW ME — GOWON FORWARD IMMEDIATELY!",1,Synthetic_Augmentation,Synthetic_Fake
URGENT SHARE NOW: How some people claimed I planned to kill Tinubu to take over power – VP Shettima READ AND SHARE!,1,Synthetic_Augmentation,Synthetic_Fake
YOU WON'T BELIEVE: Add New Playlist SHARE TO ALL GROUPS!,1,Synthetic_Augmentation,Synthetic_Fake
URGENT SHARE NOW: PROJECTS & PARTNERSHIPS !!!,1,Synthetic_Augmentation,Synthetic_Fake
"BREAKING NEWS: FAMILY PROTEST OVER EL-RUFAI’S DETENTION BY SSS, HEALTHCARE ACCESS, ICPC SPEAKS !!!",1,Synthetic_Augmentation,Synthetic_Fake
"CONFIRMED!!! APC RETURNS INCUMBENTS, PICKS NEW FACES IN OSUN PRIMARIES READ AND SHARE!",1,Synthetic_Augmentation,Synthetic_Fake
"SHOCKING!!! CONTENT MONETISATION: THE INTERNET IS REWARDING HARM, AND WOMEN ARE PAYING THE PRICE, BY CHIOMA AGWUEGBO FORWARD IMMEDIATELY!",1,Synthetic_Augmentation,Synthetic_Fake
CONFIRMED!!! SPECIAL REPORT: HOW FAMILIES COPED WITH 10-YEAR CLOSURE OF 23 SCHOOLS IN OYO !!!,1,Synthetic_Augmentation,Synthetic_Fake
YOU WON'T BELIEVE: EXCLUSIVE: WHY TINUBU FIRED WALE EDUN AS FINANCE MINISTER SHARE TO ALL GROUPS!,1,Synthetic_Augmentation,Synthetic_Fake
"Dangote refinery cuts aviation fuel price to N1,650",0,Premium Times,Verified_Real
YOU WON'T BELIEVE: Fiscal Breach Uncovered: How Imo under Uzodinma spent N101.5 billion in unapproved funds !!!,1,Synthetic_Augmentation,Synthetic_Fake
"YOU WON'T BELIEVE: FG to scale up caregiver training, certification to boost care economy FORWARD IMMEDIATELY!",1,Synthetic_Augmentation,Synthetic_Fake
"BREAKING NEWS: NDC AS THE NEW FRONTIER OF OPPOSITION, BY MAJEED DAHIRU SHARE TO ALL GROUPS!",1,Synthetic_Augmentation,Synthetic_Fake
YOU WON'T BELIEVE: NIGERIA INTENSIFIES SURVEILLANCE AS EBOLA OUTBREAK SPREADS IN CENTRAL AFRICA – NCDC FORWARD IMMEDIATELY!,1,Synthetic_Augmentation,Synthetic_Fake
"URGENT SHARE NOW: NDC as the new frontier of opposition, By Majeed Dahiru !!!",1,Synthetic_Augmentation,Synthetic_Fake
"URGENT SHARE NOW: SOUTH AFRICA DOESN’T HAVE A LEADERSHIP CRISIS: IT HAS A HUMANITY CRISIS, BY NQOBILE PAMELA XABA FORWARD IMMEDIATELY!",1,Synthetic_Augmentation,Synthetic_Fake
BREAKING NEWS: Kukah recounts Gowon’s post-exile life after ouster from power DON'T IGNORE THIS!,1,Synthetic_Augmentation,Synthetic_Fake
"URGENT SHARE NOW: APC RETURNS INCUMBENTS, PICKS NEW FACES IN OSUN PRIMARIES READ AND SHARE!",1,Synthetic_Augmentation,Synthetic_Fake
CONFIRMED!!! Nigeria intensifies surveillance as Ebola outbreak spreads in Central Africa – NCDC READ AND SHARE!,1,Synthetic_Augmentation,Synthetic_Fake
YOU WON'T BELIEVE: SPECIAL REPORT: How families coped with 10-year closure of 23 schools in Oyo SHARE TO ALL GROUPS!,1,Synthetic_Augmentation,Synthetic_Fake
BREAKING NEWS: INVESTIGATION: Inside Nigerian communities where children are forced into marriage (1) !!!,1,Synthetic_Augmentation,Synthetic_Fake
"CONFIRMED!!! Candidate selection or civilian coup?, By Dakuku Peterside !!!",1,Synthetic_Augmentation,Synthetic_Fake
"YOU WON'T BELIEVE: CANDIDATE SELECTION OR CIVILIAN COUP?, BY DAKUKU PETERSIDE !!!",1,Synthetic_Augmentation,Synthetic_Fake
SHOCKING!!! Fiscal Breach Uncovered: How Imo under Uzodinma spent N101.5 billion in unapproved funds !!!,1,Synthetic_Augmentation,Synthetic_Fake
CONFIRMED!!! Fiscal Breach Uncovered: How Imo under Uzodinma spent N101.5 billion in unapproved funds READ AND SHARE!,1,Synthetic_Augmentation,Synthetic_Fake
SHOCKING!!! LATE ARRIVAL OF OFFICIALS STALLS APC’S STATE ASSEMBLY PRIMARIES IN LAGOS !!!,1,Synthetic_Augmentation,Synthetic_Fake
"URGENT SHARE NOW: Content monetisation: The internet is rewarding harm, and women are paying the price, By Chioma Agwuegbo FORWARD IMMEDIATELY!",1,Synthetic_Augmentation,Synthetic_Fake
CONFIRMED!!! SPECIAL REPORT: NIGERIA’S MARITIME UNIVERSITY UPGRADE STALLS AS BILLIONS FLOW INTO REPEALED ACADEMY DON'T IGNORE THIS!,1,Synthetic_Augmentation,Synthetic_Fake
SHOCKING!!! INVESTIGATION: INSIDE NIGERIAN COMMUNITIES WHERE CHILDREN ARE FORCED INTO MARRIAGE (1) SHARE TO ALL GROUPS!,1,Synthetic_Augmentation,Synthetic_Fake
"SHOCKING!!! Chelle picks Osimhen, Lookman for Portugal, Poland friendlies, names seven NPFL stars for Unity Cup SHARE TO ALL GROUPS!",1,Synthetic_Augmentation,Synthetic_Fake
"CONFIRMED!!! INSIDE THE INFORMANT NETWORKS UNDERMINING NIGERIA’S ANTI-BANDITRY CAMPAIGN, BY SAMUEL ARUWAN !!!",1,Synthetic_Augmentation,Synthetic_Fake
CONFIRMED!!! OLOYEDE MADE JAMB MODEL FOR NIGERIA’S PUBLIC INSTITUTIONS – CLERIC SHARE TO ALL GROUPS!,1,Synthetic_Augmentation,Synthetic_Fake
SPECIAL REPORT: How families coped with 10-year closure of 23 schools in Oyo,0,Premium Times,Verified_Real
URGENT SHARE NOW: FISCAL BREACH UNCOVERED: HOW IMO UNDER UZODINMA SPENT N101.5 BILLION IN UNAPPROVED FUNDS SHARE TO ALL GROUPS!,1,Synthetic_Augmentation,Synthetic_Fake
"Facing EFCC trial, ex-Gov Yahaya Bello wins APC senatorial primary",0,Premium Times,Verified_Real
"SHOCKING!!! Kano teacher remanded, school shut over alleged sexual abuse of pupils READ AND SHARE!",1,Synthetic_Augmentation,Synthetic_Fake
ADC begins screening of governorship aspirants,0,Premium Times,Verified_Real
URGENT SHARE NOW: APC primaries sweep out over 50 reps ahead of 2027 elections DON'T IGNORE THIS!,1,Synthetic_Augmentation,Synthetic_Fake
"2027: Orji Kalu, Atuma win APC senatorial tickets in Abia",0,Premium Times,Verified_Real
CONFIRMED!!! SPECIAL REPORT: Nigeria’s maritime university upgrade stalls as billions flow into repealed academy !!!,1,Synthetic_Augmentation,Synthetic_Fake
"SHOCKING!!! GOWON MEMOIR: JONATHAN, SULTAN, RALLY NIGERIANS TO PRESERVE HISTORY READ AND SHARE!",1,Synthetic_Augmentation,Synthetic_Fake
"URGENT SHARE NOW: EID AND THE EPIDEMIC OF EMPTY POCKETS, BY REUBEN ABATI FORWARD IMMEDIATELY!",1,Synthetic_Augmentation,Synthetic_Fake
Court begins contempt proceedings against FCCPC over alleged breach of digital lending order,0,Premium Times,Verified_Real
"BREAKING NEWS: Gowon’s Autobiography: T.Y. Danjuma donates N3bn, Dangote N500m DON'T IGNORE THIS!",1,Synthetic_Augmentation,Synthetic_Fake
YOU WON'T BELIEVE: TRUMP SAYS HE CALLED OFF RENEWED ATTACK ON IRAN AT GULF STATES’ REQUEST READ AND SHARE!,1,Synthetic_Augmentation,Synthetic_Fake
"BREAKING NEWS: Inside the informant networks undermining Nigeria’s anti-banditry campaign, By Samuel Aruwan !!!",1,Synthetic_Augmentation,Synthetic_Fake
URGENT SHARE NOW: UPDATED: EFCC ARRESTS FLEEING CONVICTED EX-POWER MINISTER DON'T IGNORE THIS!,1,Synthetic_Augmentation,Synthetic_Fake
URGENT SHARE NOW: SPECIAL REPORT: Nigeria’s maritime university upgrade stalls as billions flow into repealed academy FORWARD IMMEDIATELY!,1,Synthetic_Augmentation,Synthetic_Fake
YOU WON'T BELIEVE: DRC-UGANDA EBOLA EMERGENCY FOLLOWED IHR PROCEDURES — WHO SHARE TO ALL GROUPS!,1,Synthetic_Augmentation,Synthetic_Fake
"URGENT SHARE NOW: INVESTIGATION: The illegal timber trade fuelling terrorism in North-central Nigeria, Benin SHARE TO ALL GROUPS!",1,Synthetic_Augmentation,Synthetic_Fake
"BREAKING NEWS: NDC as the new frontier of opposition, By Majeed Dahiru READ AND SHARE!",1,Synthetic_Augmentation,Synthetic_Fake
"URGENT SHARE NOW: CANDIDATE SELECTION OR CIVILIAN COUP?, BY DAKUKU PETERSIDE !!!",1,Synthetic_Augmentation,Synthetic_Fake
Oil-well Dispute: Inside the report that restores Cross River’s hope,0,Premium Times,Verified_Real
CONFIRMED!!! RESOURCE CURSE? THE ONLY SCHOOL IN THIS AKWA IBOM OIL COMMUNITY LIES IN RUINS FORWARD IMMEDIATELY!,1,Synthetic_Augmentation,Synthetic_Fake
BREAKING NEWS: SPECIAL REPORT: Nigeria’s maritime university upgrade stalls as billions flow into repealed academy !!!,1,Synthetic_Augmentation,Synthetic_Fake
"JUST IN: Pantami withdraws from Gombe APC governorship primaries, gives reasons",0,Premium Times,Verified_Real
BREAKING NEWS: 2027: APC APPEAL COMMITTEE RECEIVES 5 PETITIONS ON DELTA NASS PRIMARIES DON'T IGNORE THIS!,1,Synthetic_Augmentation,Synthetic_Fake
YOU WON'T BELIEVE: EXCLUSIVE: WHY TINUBU FIRED WALE EDUN AS FINANCE MINISTER !!!,1,Synthetic_Augmentation,Synthetic_Fake
CONFIRMED!!! PLATEAU APC PRIMARIES SWEEP OUT SIX FEDERAL LAWMAKERS SHARE TO ALL GROUPS!,1,Synthetic_Augmentation,Synthetic_Fake
Plateau APC primaries sweep out six federal lawmakers,0,Premium Times,Verified_Real
Court strikes out deceased deputy governor’s suit,0,Premium Times,Verified_Real
URGENT SHARE NOW: SPECIAL REPORT: How families coped with 10-year closure of 23 schools in Oyo READ AND SHARE!,1,Synthetic_Augmentation,Synthetic_Fake
"Content monetisation: The internet is rewarding harm, and women are paying the price, By Chioma Agwuegbo",0,Premium Times,Verified_Real
"Eid and the epidemic of empty pockets, By Reuben Abati",0,Premium Times,Verified_Real
URGENT SHARE NOW: DOCTORS SUSPEND STRIKE IN AKWA IBOM AFTER EFCC CHAIR’S APOLOGY FORWARD IMMEDIATELY!,1,Synthetic_Augmentation,Synthetic_Fake
CONFIRMED!!! MODERN SLAVERY: INSIDE NIGERIAN COMMUNITIES WHERE CHILDREN ARE SOLD INTO MARRIAGE (II) SHARE TO ALL GROUPS!,1,Synthetic_Augmentation,Synthetic_Fake
URGENT SHARE NOW: DRC-UGANDA EBOLA EMERGENCY FOLLOWED IHR PROCEDURES — WHO !!!,1,Synthetic_Augmentation,Synthetic_Fake
BREAKING NEWS: Oil-well Dispute: Inside the report that restores Cross River’s hope READ AND SHARE!,1,Synthetic_Augmentation,Synthetic_Fake
BREAKING NEWS: PROJECTS & PARTNERSHIPS SHARE TO ALL GROUPS!,1,Synthetic_Augmentation,Synthetic_Fake
URGENT SHARE NOW: Modern Slavery: Inside Nigerian communities where children are sold into marriage (II) FORWARD IMMEDIATELY!,1,Synthetic_Augmentation,Synthetic_Fake
"URGENT SHARE NOW: Eid and the epidemic of empty pockets, By Reuben Abati SHARE TO ALL GROUPS!",1,Synthetic_Augmentation,Synthetic_Fake
SHOCKING!!! ADD NEW PLAYLIST SHARE TO ALL GROUPS!,1,Synthetic_Augmentation,Synthetic_Fake
"Candidate selection or civilian coup?, By Dakuku Peterside",0,Premium Times,Verified_Real
SPECIAL REPORT: Nigeria’s maritime university upgrade stalls as billions flow into repealed academy,0,Premium Times,Verified_Real
SHOCKING!!! Retrieve your password !!!,1,Synthetic_Augmentation,Synthetic_Fake
Oil-well Dispute: Inside the report that restores Cross River’s hope,0,Premium Times,Verified_Real
URGENT SHARE NOW: COURT STRIKES OUT DECEASED DEPUTY GOVERNOR’S SUIT DON'T IGNORE THIS!,1,Synthetic_Augmentation,Synthetic_Fake
"YOU WON'T BELIEVE: INSIDE THE INFORMANT NETWORKS UNDERMINING NIGERIA’S ANTI-BANDITRY CAMPAIGN, BY SAMUEL ARUWAN FORWARD IMMEDIATELY!",1,Synthetic_Augmentation,Synthetic_Fake
EXCLUSIVE: Why Tinubu fired Wale Edun as finance minister,0,Premium Times,Verified_Real
"Candidate selection or civilian coup?, By Dakuku Peterside",0,Premium Times,Verified_Real
Court strikes out deceased deputy governor’s suit,0,Premium Times,Verified_Real
Another former minister boycotts Gombe APC governorship primary,0,Premium Times,Verified_Real
BREAKING NEWS: PROJECTS & PARTNERSHIPS READ AND SHARE!,1,Synthetic_Augmentation,Synthetic_Fake
BREAKING NEWS: EXCLUSIVE: Why Tinubu fired Wale Edun as finance minister DON'T IGNORE THIS!,1,Synthetic_Augmentation,Synthetic_Fake
"URGENT SHARE NOW: INSIDE THE INFORMANT NETWORKS UNDERMINING NIGERIA’S ANTI-BANDITRY CAMPAIGN, BY SAMUEL ARUWAN READ AND SHARE!",1,Synthetic_Augmentation,Synthetic_Fake
"YOU WON'T BELIEVE: CONTENT MONETISATION: THE INTERNET IS REWARDING HARM, AND WOMEN ARE PAYING THE PRICE, BY CHIOMA AGWUEGBO SHARE TO ALL GROUPS!",1,Synthetic_Augmentation,Synthetic_Fake
Lawyers critical to ending corruption in Nigeria – NBA committee,0,Premium Times,Verified_Real
"BREAKING NEWS: CANDIDATE SELECTION OR CIVILIAN COUP?, BY DAKUKU PETERSIDE DON'T IGNORE THIS!",1,Synthetic_Augmentation,Synthetic_Fake
"CONFIRMED!!! INVESTIGATION: THE ILLEGAL TIMBER TRADE FUELLING TERRORISM IN NORTH-CENTRAL NIGERIA, BENIN SHARE TO ALL GROUPS!",1,Synthetic_Augmentation,Synthetic_Fake
"BREAKING NEWS: NDC AS THE NEW FRONTIER OF OPPOSITION, BY MAJEED DAHIRU !!!",1,Synthetic_Augmentation,Synthetic_Fake
"YOU WON'T BELIEVE: Inside the informant networks undermining Nigeria’s anti-banditry campaign, By Samuel Aruwan !!!",1,Synthetic_Augmentation,Synthetic_Fake
URGENT SHARE NOW: Oil-well Dispute: Inside the report that restores Cross River’s hope DON'T IGNORE THIS!,1,Synthetic_Augmentation,Synthetic_Fake
"SHOCKING!!! APC returns incumbents, picks new faces in Osun primaries SHARE TO ALL GROUPS!",1,Synthetic_Augmentation,Synthetic_Fake
CONFIRMED!!! EXCLUSIVE: Why Tinubu fired Wale Edun as finance minister SHARE TO ALL GROUPS!,1,Synthetic_Augmentation,Synthetic_Fake
YOU WON'T BELIEVE: Abia inaugurates biogas pilot project to drive renewable energy – Official DON'T IGNORE THIS!,1,Synthetic_Augmentation,Synthetic_Fake
Nigerian athlete shot dead days before MBA graduation in United States,0,Premium Times,Verified_Real
SHOCKING!!! RESOURCE CURSE? THE ONLY SCHOOL IN THIS AKWA IBOM OIL COMMUNITY LIES IN RUINS READ AND SHARE!,1,Synthetic_Augmentation,Synthetic_Fake
"SHOCKING!!! Content monetisation: The internet is rewarding harm, and women are paying the price, By Chioma Agwuegbo READ AND SHARE!",1,Synthetic_Augmentation,Synthetic_Fake
SHOCKING!!! EPL: ARSENAL MOVE FIVE POINTS CLEAR AFTER SLIM WIN OVER BURNLEY FORWARD IMMEDIATELY!,1,Synthetic_Augmentation,Synthetic_Fake
Abia inaugurates biogas pilot project to drive renewable energy – Official,0,Premium Times,Verified_Real
"BREAKING NEWS: Content monetisation: The internet is rewarding harm, and women are paying the price, By Chioma Agwuegbo SHARE TO ALL GROUPS!",1,Synthetic_Augmentation,Synthetic_Fake
CONFIRMED!!! OLOYEDE MADE JAMB MODEL FOR NIGERIA’S PUBLIC INSTITUTIONS – CLERIC FORWARD IMMEDIATELY!,1,Synthetic_Augmentation,Synthetic_Fake
Resource Curse? The only school in this Akwa Ibom oil community lies in ruins,0,Premium Times,Verified_Real
"SHOCKING!!! CJID, EU launch initiative to fight disinformation, strengthen democratic resilience in north-west Nigeria FORWARD IMMEDIATELY!",1,Synthetic_Augmentation,Synthetic_Fake
YOU WON'T BELIEVE: Arsenal crowned Premier League champions after Man City stumble at Bournemouth DON'T IGNORE THIS!,1,Synthetic_Augmentation,Synthetic_Fake
Fiscal Breach Uncovered: How Imo under Uzodinma spent N101.5 billion in unapproved funds,0,Premium Times,Verified_Real
"YOU WON'T BELIEVE: Candidate selection or civilian coup?, By Dakuku Peterside FORWARD IMMEDIATELY!",1,Synthetic_Augmentation,Synthetic_Fake
"DHQ dismisses claims of terrorist base in South-west, intensifies search for abducted Oyo pupils",0,Premium Times,Verified_Real
CONFIRMED!!! LATE ARRIVAL OF OFFICIALS STALLS APC’S STATE ASSEMBLY PRIMARIES IN LAGOS !!!,1,Synthetic_Augmentation,Synthetic_Fake
SHOCKING!!! Oloyede made JAMB model for Nigeria’s public institutions – Cleric FORWARD IMMEDIATELY!,1,Synthetic_Augmentation,Synthetic_Fake
"SHOCKING!!! OAU inducts 157 medical, dental graduates !!!",1,Synthetic_Augmentation,Synthetic_Fake
"BREAKING NEWS: Candidate selection or civilian coup?, By Dakuku Peterside DON'T IGNORE THIS!",1,Synthetic_Augmentation,Synthetic_Fake
"Candidate selection or civilian coup?, By Dakuku Peterside",0,Premium Times,Verified_Real
"SHOCKING!!! NDC as the new frontier of opposition, By Majeed Dahiru !!!",1,Synthetic_Augmentation,Synthetic_Fake
SHOCKING!!! APC PRIMARIES: ADEBULE EMERGES LAGOS WEST CANDIDATE UNOPPOSED READ AND SHARE!,1,Synthetic_Augmentation,Synthetic_Fake
"URGENT SHARE NOW: Kano teacher remanded, school shut over alleged sexual abuse of pupils FORWARD IMMEDIATELY!",1,Synthetic_Augmentation,Synthetic_Fake
YOU WON'T BELIEVE: Modern Slavery: Inside Nigerian communities where children are sold into marriage (II) DON'T IGNORE THIS!,1,Synthetic_Augmentation,Synthetic_Fake
"NDC as the new frontier of opposition, By Majeed Dahiru",0,Premium Times,Verified_Real
CONFIRMED!!! ADC BEGINS SCREENING OF GOVERNORSHIP ASPIRANTS READ AND SHARE!,1,Synthetic_Augmentation,Synthetic_Fake
"CONFIRMED!!! Aspirants reject result of APC primary in Ekiti, demand cancellation DON'T IGNORE THIS!",1,Synthetic_Augmentation,Synthetic_Fake
URGENT SHARE NOW: Cross River senator rejects APC primary election results DON'T IGNORE THIS!,1,Synthetic_Augmentation,Synthetic_Fake
"YOU WON'T BELIEVE: Candidate selection or civilian coup?, By Dakuku Peterside READ AND SHARE!",1,Synthetic_Augmentation,Synthetic_Fake
Trump says he called off renewed attack on Iran at Gulf states’ request,0,Premium Times,Verified_Real
"URGENT SHARE NOW: OAU INDUCTS 157 MEDICAL, DENTAL GRADUATES SHARE TO ALL GROUPS!",1,Synthetic_Augmentation,Synthetic_Fake
"YOU WON'T BELIEVE: CONTENT MONETISATION: THE INTERNET IS REWARDING HARM, AND WOMEN ARE PAYING THE PRICE, BY CHIOMA AGWUEGBO SHARE TO ALL GROUPS!",1,Synthetic_Augmentation,Synthetic_Fake
CONFIRMED!!! SPECIAL REPORT: HOW FAMILIES COPED WITH 10-YEAR CLOSURE OF 23 SCHOOLS IN OYO FORWARD IMMEDIATELY!,1,Synthetic_Augmentation,Synthetic_Fake
"CONFIRMED!!! SOUTH AFRICA DOESN’T HAVE A LEADERSHIP CRISIS: IT HAS A HUMANITY CRISIS, BY NQOBILE PAMELA XABA READ AND SHARE!",1,Synthetic_Augmentation,Synthetic_Fake
URGENT SHARE NOW: INVESTIGATION: Inside Nigerian communities where children are forced into marriage (1) SHARE TO ALL GROUPS!,1,Synthetic_Augmentation,Synthetic_Fake
"BREAKING NEWS: Chelle picks Osimhen, Lookman for Portugal, Poland friendlies, names seven NPFL stars for Unity Cup SHARE TO ALL GROUPS!",1,Synthetic_Augmentation,Synthetic_Fake
CONFIRMED!!! UPDATED: EFCC ARRESTS FLEEING CONVICTED EX-POWER MINISTER SHARE TO ALL GROUPS!,1,Synthetic_Augmentation,Synthetic_Fake
"YOU WON'T BELIEVE: CSOS CONDEMN BORNO SCHOOLCHILDREN ABDUCTION, DEMAND SECURITY OVERHAUL READ AND SHARE!",1,Synthetic_Augmentation,Synthetic_Fake
CONFIRMED!!! DRC-UGANDA EBOLA EMERGENCY FOLLOWED IHR PROCEDURES — WHO SHARE TO ALL GROUPS!,1,Synthetic_Augmentation,Synthetic_Fake
"YOU WON'T BELIEVE: Eid and the epidemic of empty pockets, By Reuben Abati SHARE TO ALL GROUPS!",1,Synthetic_Augmentation,Synthetic_Fake
Our Digital Network,0,Premium Times,Verified_Real
"YOU WON'T BELIEVE: 2027: ORJI KALU, ATUMA WIN APC SENATORIAL TICKETS IN ABIA FORWARD IMMEDIATELY!",1,Synthetic_Augmentation,Synthetic_Fake
URGENT SHARE NOW: Oil-well Dispute: Inside the report that restores Cross River’s hope DON'T IGNORE THIS!,1,Synthetic_Augmentation,Synthetic_Fake
"URGENT SHARE NOW: SOUTH AFRICA DOESN’T HAVE A LEADERSHIP CRISIS: IT HAS A HUMANITY CRISIS, BY NQOBILE PAMELA XABA !!!",1,Synthetic_Augmentation,Synthetic_Fake
INVESTIGATION: Inside Nigerian communities where children are forced into marriage (1),0,Premium Times,Verified_Real
YOU WON'T BELIEVE: COURT STRIKES OUT DECEASED DEPUTY GOVERNOR’S SUIT READ AND SHARE!,1,Synthetic_Augmentation,Synthetic_Fake
SHOCKING!!! Lawyers critical to ending corruption in Nigeria – NBA committee FORWARD IMMEDIATELY!,1,Synthetic_Augmentation,Synthetic_Fake
APC primaries sweep out over 50 reps ahead of 2027 elections,0,Premium Times,Verified_Real
"URGENT SHARE NOW: INVESTIGATION: The illegal timber trade fuelling terrorism in North-central Nigeria, Benin !!!",1,Synthetic_Augmentation,Synthetic_Fake
BREAKING NEWS: Togo removes visa requirement for African nationals READ AND SHARE!,1,Synthetic_Augmentation,Synthetic_Fake
"YOU WON'T BELIEVE: Inside the informant networks undermining Nigeria’s anti-banditry campaign, By Samuel Aruwan DON'T IGNORE THIS!",1,Synthetic_Augmentation,Synthetic_Fake
URGENT SHARE NOW: SPECIAL REPORT: HOW FAMILIES COPED WITH 10-YEAR CLOSURE OF 23 SCHOOLS IN OYO FORWARD IMMEDIATELY!,1,Synthetic_Augmentation,Synthetic_Fake
"BREAKING NEWS: Content monetisation: The internet is rewarding harm, and women are paying the price, By Chioma Agwuegbo DON'T IGNORE THIS!",1,Synthetic_Augmentation,Synthetic_Fake
URGENT SHARE NOW: How some people claimed I planned to kill Tinubu to take over power – VP Shettima FORWARD IMMEDIATELY!,1,Synthetic_Augmentation,Synthetic_Fake
"BREAKING NEWS: Facing EFCC trial, ex-Gov Yahaya Bello wins APC senatorial primary READ AND SHARE!",1,Synthetic_Augmentation,Synthetic_Fake
URGENT SHARE NOW: Projects & Partnerships SHARE TO ALL GROUPS!,1,Synthetic_Augmentation,Synthetic_Fake
INVESTIGATION: Inside Nigerian communities where children are forced into marriage (1),0,Premium Times,Verified_Real
"CONFIRMED!!! EID AND THE EPIDEMIC OF EMPTY POCKETS, BY REUBEN ABATI SHARE TO ALL GROUPS!",1,Synthetic_Augmentation,Synthetic_Fake
How some people claimed I planned to kill Tinubu to take over power – VP Shettima,0,Premium Times,Verified_Real
BREAKING NEWS: Kukah recounts Gowon’s post-exile life after ouster from power FORWARD IMMEDIATELY!,1,Synthetic_Augmentation,Synthetic_Fake
"Content monetisation: The internet is rewarding harm, and women are paying the price, By Chioma Agwuegbo",0,Premium Times,Verified_Real
"URGENT SHARE NOW: CONTENT MONETISATION: THE INTERNET IS REWARDING HARM, AND WOMEN ARE PAYING THE PRICE, BY CHIOMA AGWUEGBO !!!",1,Synthetic_Augmentation,Synthetic_Fake
"BREAKING NEWS: SOUTH AFRICA DOESN’T HAVE A LEADERSHIP CRISIS: IT HAS A HUMANITY CRISIS, BY NQOBILE PAMELA XABA !!!",1,Synthetic_Augmentation,Synthetic_Fake
"YOU WON'T BELIEVE: After 15 years in the Senate, Goje loses APC primary FORWARD IMMEDIATELY!",1,Synthetic_Augmentation,Synthetic_Fake
"BREAKING NEWS: SOUTH AFRICA DOESN’T HAVE A LEADERSHIP CRISIS: IT HAS A HUMANITY CRISIS, BY NQOBILE PAMELA XABA READ AND SHARE!",1,Synthetic_Augmentation,Synthetic_Fake
Projects & Partnerships,0,Premium Times,Verified_Real
BREAKING NEWS: RESOURCE CURSE? THE ONLY SCHOOL IN THIS AKWA IBOM OIL COMMUNITY LIES IN RUINS DON'T IGNORE THIS!,1,Synthetic_Augmentation,Synthetic_Fake
Modern Slavery: Inside Nigerian communities where children are sold into marriage (II),0,Premium Times,Verified_Real
"Inside the informant networks undermining Nigeria’s anti-banditry campaign, By Samuel Aruwan",0,Premium Times,Verified_Real
Cross River senator rejects APC primary election results,0,Premium Times,Verified_Real
"SHOCKING!!! FACING EFCC TRIAL, EX-GOV YAHAYA BELLO WINS APC SENATORIAL PRIMARY DON'T IGNORE THIS!",1,Synthetic_Augmentation,Synthetic_Fake
YOU WON'T BELIEVE: ﻿UCTH CMD SAYS RELOCATION OF MEDICAL PROFESSIONALS GRADUALLY REDUCING SHARE TO ALL GROUPS!,1,Synthetic_Augmentation,Synthetic_Fake
Why I supported Lagos Speaker Obasa’s removal — Desmond Elliott,0,Premium Times,Verified_Real
